From,Total_mwh,Total_mcm
21-09-2022 00:00,1160.092,0.10415306
21-09-2022 01:00,1126.8,0.101164104
21-09-2022 02:00,1075.218,0.096533072
21-09-2022 03:00,1090.509,0.097905898
21-09-2022 04:00,1139.313,0.102287521
21-09-2022 05:00,1263.565,0.113442866
21-09-2022 06:00,1482.464,0.133095618
21-09-2022 07:00,1849.793,0.166074416
21-09-2022 08:00,1874.882,0.168326906
21-09-2022 09:00,1830.175,0.164313112
21-09-2022 10:00,1840.347,0.165226354
21-09-2022 11:00,1734.86,0.155755731
21-09-2022 12:00,1639.325,0.147178599
21-09-2022 13:00,1568.629,0.140831512
21-09-2022 14:00,1450.328,0.130210448
21-09-2022 15:00,1344.069,0.120670515
21-09-2022 16:00,1299.47,0.116666417
21-09-2022 17:00,1280.759,0.114986543
21-09-2022 18:00,1418.145,0.127321058
21-09-2022 19:00,1568.644,0.140832858
21-09-2022 20:00,1631.705,0.146494475
21-09-2022 21:00,1506.686,0.135270269
21-09-2022 22:00,1358.374,0.121954818
21-09-2022 23:00,1304.073,0.117079674
22-09-2022 00:00,1180.466,0.105982237
22-09-2022 01:00,1202.582,0.107967812
22-09-2022 02:00,1172.473,0.105264626
22-09-2022 03:00,1154.212,0.103625153
22-09-2022 04:00,1153.998,0.10360594
22-09-2022 05:00,1253.269,0.112518491
22-09-2022 06:00,1533.077,0.137639653
22-09-2022 07:00,1948.007,0.174892068
22-09-2022 08:00,1913.742,0.171815757
22-09-2022 09:00,1821.201,0.163507426
22-09-2022 10:00,1831.475,0.164429826
22-09-2022 11:00,1798.917,0.161506768
22-09-2022 12:00,1669.054,0.149847668
22-09-2022 13:00,1573.844,0.141299714
22-09-2022 14:00,1510.271,0.13559213
22-09-2022 15:00,1404.595,0.126104539
22-09-2022 16:00,1349.286,0.121138897
22-09-2022 17:00,1315.678,0.118121571
22-09-2022 18:00,1443.883,0.129631816
22-09-2022 19:00,1605.881,0.144175996
22-09-2022 20:00,1653.93,0.148489835
22-09-2022 21:00,1485.523,0.133370255
22-09-2022 22:00,1354.516,0.121608446
22-09-2022 23:00,1312.497,0.117835981
23-09-2022 00:00,1202.073,0.107922114
23-09-2022 01:00,1183.585,0.106262261
23-09-2022 02:00,1167.921,0.104855947
23-09-2022 03:00,1149.281,0.103182448
23-09-2022 04:00,1219.88,0.109520826
23-09-2022 05:00,1266.88,0.113740486
23-09-2022 06:00,1587.375,0.142514528
23-09-2022 07:00,1988.991,0.178571612
23-09-2022 08:00,1952.777,0.175320319
23-09-2022 09:00,1843.923,0.165547407
23-09-2022 10:00,1821.444,0.163529242
23-09-2022 11:00,1788.67,0.160586793
23-09-2022 12:00,1679.948,0.150825731
23-09-2022 13:00,1637.457,0.147010889
23-09-2022 14:00,1515.828,0.136091038
23-09-2022 15:00,1436.462,0.128965558
23-09-2022 16:00,1396.955,0.12541862
23-09-2022 17:00,1397.359,0.125454891
23-09-2022 18:00,1498.959,0.134576539
23-09-2022 19:00,1574.734,0.141379619
23-09-2022 20:00,1645.886,0.147767645
23-09-2022 21:00,1520.679,0.136526561
23-09-2022 22:00,1348.971,0.121110616
23-09-2022 23:00,1274.097,0.114388429
24-09-2022 00:00,1160.332,0.104174607
24-09-2022 01:00,1096.562,0.098449336
24-09-2022 02:00,1066.441,0.095745073
24-09-2022 03:00,1036.287,0.093037847
24-09-2022 04:00,1043.371,0.093673848
24-09-2022 05:00,1070.516,0.096110926
24-09-2022 06:00,1104.407,0.09915366
24-09-2022 07:00,1208.654,0.108512956
24-09-2022 08:00,1334.725,0.119831611
24-09-2022 09:00,1437.986,0.129102383
24-09-2022 10:00,1428.95,0.128291131
24-09-2022 11:00,1444.499,0.12968712
24-09-2022 12:00,1420.152,0.127501247
24-09-2022 13:00,1352.368,0.121415599
24-09-2022 14:00,1225.411,0.1100174
24-09-2022 15:00,1174.956,0.10548755
24-09-2022 16:00,1120.677,0.100614381
24-09-2022 17:00,1158.6,0.104019108
24-09-2022 18:00,1206.253,0.108297394
24-09-2022 19:00,1309.081,0.117529292
24-09-2022 20:00,1315.496,0.118105231
24-09-2022 21:00,1194.82,0.10727094
24-09-2022 22:00,1100.381,0.098792206
24-09-2022 23:00,998.826,0.089674598
25-09-2022 00:00,947.375,0.085055328
25-09-2022 01:00,957.151,0.085933017
25-09-2022 02:00,942.931,0.084656345
25-09-2022 03:00,894.14,0.080275889
25-09-2022 04:00,951.851,0.085457183
25-09-2022 05:00,957.467,0.085961387
25-09-2022 06:00,1021.411,0.09170228
25-09-2022 07:00,1092.886,0.098119305
25-09-2022 08:00,1195.58,0.107339172
25-09-2022 09:00,1318.949,0.118415241
25-09-2022 10:00,1327.05,0.119142549
25-09-2022 11:00,1311.45,0.117741981
25-09-2022 12:00,1284.399,0.115313342
25-09-2022 13:00,1180.037,0.105943722
25-09-2022 14:00,1081.661,0.097111525
25-09-2022 15:00,984.154,0.088357346
25-09-2022 16:00,1015.702,0.091189726
25-09-2022 17:00,1063.663,0.095495664
25-09-2022 18:00,1226.35,0.110101703
25-09-2022 19:00,1367.45,0.122769661
25-09-2022 20:00,1374.934,0.123441575
25-09-2022 21:00,1231.036,0.110522412
25-09-2022 22:00,1125.034,0.101005553
25-09-2022 23:00,1070.619,0.096120174
26-09-2022 00:00,1028.532,0.092341603
26-09-2022 01:00,1021.766,0.091734151
26-09-2022 02:00,1005.743,0.090295607
26-09-2022 03:00,1033.613,0.092797775
26-09-2022 04:00,1125.088,0.101010401
26-09-2022 05:00,1296.245,0.116376876
26-09-2022 06:00,1584.971,0.142298696
26-09-2022 07:00,1971.021,0.176958265
26-09-2022 08:00,1980.34,0.177794925
26-09-2022 09:00,1974.202,0.177243856
26-09-2022 10:00,1975.145,0.177328518
26-09-2022 11:00,1905.886,0.171110445
26-09-2022 12:00,1781.261,0.159921613
26-09-2022 13:00,1718.846,0.154317994
26-09-2022 14:00,1602.471,0.143869846
26-09-2022 15:00,1489.627,0.133738712
26-09-2022 16:00,1461.5,0.13121347
26-09-2022 17:00,1478.035,0.132697982
26-09-2022 18:00,1642.318,0.14744731
26-09-2022 19:00,1838.639,0.165073009
26-09-2022 20:00,1798.402,0.161460532
26-09-2022 21:00,1625.113,0.145902645
26-09-2022 22:00,1420.867,0.127565439
26-09-2022 23:00,1339.409,0.12025214
27-09-2022 00:00,1257.143,0.112866299
27-09-2022 01:00,1214.61,0.109047686
27-09-2022 02:00,1176.034,0.105584333
27-09-2022 03:00,1170.397,0.105078243
27-09-2022 04:00,1243.14,0.111609109
27-09-2022 05:00,1348.193,0.121040768
27-09-2022 06:00,1672.025,0.150114405
27-09-2022 07:00,2048.25,0.183891885
27-09-2022 08:00,2063.041,0.185219821
27-09-2022 09:00,2026.676,0.181954971
27-09-2022 10:00,2046.092,0.18369814
27-09-2022 11:00,1995.062,0.179116666
27-09-2022 12:00,1936.369,0.173847209
27-09-2022 13:00,1893.744,0.170020336
27-09-2022 14:00,1753.898,0.157464962
27-09-2022 15:00,1674.921,0.150374407
27-09-2022 16:00,1622.928,0.145706476
27-09-2022 17:00,1647.194,0.147885077
27-09-2022 18:00,1760.827,0.158087048
27-09-2022 19:00,1917.549,0.172157549
27-09-2022 20:00,1890.637,0.16974139
27-09-2022 21:00,1675.045,0.15038554
27-09-2022 22:00,1458.964,0.130985788
27-09-2022 23:00,1369.087,0.122916631
28-09-2022 00:00,1245.734,0.111841999
28-09-2022 01:00,1215.836,0.109157756
28-09-2022 02:00,1196.319,0.10740552
28-09-2022 03:00,1197.723,0.107531571
28-09-2022 04:00,1221.085,0.109629011
28-09-2022 05:00,1308.176,0.117448041
28-09-2022 06:00,1542.539,0.138489151
28-09-2022 07:00,1885.307,0.169262862
28-09-2022 08:00,1956.826,0.175683838
28-09-2022 09:00,1943.217,0.174462022
28-09-2022 10:00,1982.656,0.178002856
28-09-2022 11:00,1935.476,0.173767035
28-09-2022 12:00,1823.565,0.163719666
28-09-2022 13:00,1754.305,0.157501503
28-09-2022 14:00,1679.695,0.150803017
28-09-2022 15:00,1637.238,0.146991228
28-09-2022 16:00,1573.764,0.141292532
28-09-2022 17:00,1552.768,0.139407511
28-09-2022 18:00,1683.366,0.151132599
28-09-2022 19:00,1872.417,0.168105598
28-09-2022 20:00,1846.555,0.165783708
28-09-2022 21:00,1635.272,0.14681472
28-09-2022 22:00,1461.835,0.131243546
28-09-2022 23:00,1404.489,0.126095022
29-09-2022 00:00,1262.438,0.113341684
29-09-2022 01:00,1260.25,0.113145245
29-09-2022 02:00,1196.002,0.10737706
29-09-2022 03:00,1190.656,0.106897096
29-09-2022 04:00,1226.435,0.110109334
29-09-2022 05:00,1332.443,0.119626733
29-09-2022 06:00,1668.775,0.14982262
29-09-2022 07:00,1988.424,0.178520707
29-09-2022 08:00,2035.723,0.182767211
29-09-2022 09:00,2032.876,0.182511607
29-09-2022 10:00,2076.218,0.186402852
29-09-2022 11:00,2043.653,0.183479166
29-09-2022 12:00,1967.498,0.17664197
29-09-2022 13:00,1904.993,0.171030272
29-09-2022 14:00,1766.788,0.158622227
29-09-2022 15:00,1717.797,0.154223815
29-09-2022 16:00,1727.971,0.155137236
29-09-2022 17:00,1751.134,0.157216811
29-09-2022 18:00,1866.237,0.167550758
29-09-2022 19:00,2002.058,0.179744767
29-09-2022 20:00,1968.26,0.176710383
29-09-2022 21:00,1804.7,0.162025966
29-09-2022 22:00,1600.312,0.143676011
29-09-2022 23:00,1514.975,0.136014456
30-09-2022 00:00,1421.304,0.127604673
30-09-2022 01:00,1353.036,0.121475572
30-09-2022 02:00,1365.362,0.1225822
30-09-2022 03:00,1368.167,0.122834033
30-09-2022 04:00,1402.98,0.125959544
30-09-2022 05:00,1532.091,0.13755113
30-09-2022 06:00,1964.178,0.176343901
30-09-2022 07:00,2352.38,0.211196676
30-09-2022 08:00,2379.895,0.213666973
30-09-2022 09:00,2317.651,0.208078707
30-09-2022 10:00,2183.354,0.196021522
30-09-2022 11:00,2105.916,0.189069138
30-09-2022 12:00,1893.838,0.170028776
30-09-2022 13:00,1848.768,0.165982391
30-09-2022 14:00,1699.269,0.152560371
30-09-2022 15:00,1595.17,0.143214363
30-09-2022 16:00,1551.312,0.139276791
30-09-2022 17:00,1532.093,0.13755131
30-09-2022 18:00,1650.91,0.1482187
30-09-2022 19:00,1839.149,0.165118797
30-09-2022 20:00,1833.786,0.164637307
30-09-2022 21:00,1683.6,0.151153608
30-09-2022 22:00,1541.409,0.1383877
30-09-2022 23:00,1444.268,0.129666381
01-10-2022 00:00,1303.879,0.117062257
01-10-2022 01:00,1248.417,0.112082878
01-10-2022 02:00,1265.766,0.113640471
01-10-2022 03:00,1244.252,0.111708945
01-10-2022 04:00,1255.032,0.112676773
01-10-2022 05:00,1288.079,0.115643733
01-10-2022 06:00,1417.968,0.127305167
01-10-2022 07:00,1499.31,0.134608052
01-10-2022 08:00,1633.507,0.146656258
01-10-2022 09:00,1656.298,0.148702434
01-10-2022 10:00,1639.947,0.147234442
01-10-2022 11:00,1533.808,0.137705282
01-10-2022 12:00,1479.411,0.13282152
01-10-2022 13:00,1412.356,0.126801322
01-10-2022 14:00,1237.132,0.111069711
01-10-2022 15:00,1155.008,0.103696618
01-10-2022 16:00,1126.817,0.10116563
01-10-2022 17:00,1153.104,0.103525677
01-10-2022 18:00,1294.322,0.116204229
01-10-2022 19:00,1391.445,0.124923932
01-10-2022 20:00,1408.202,0.126428376
01-10-2022 21:00,1261.311,0.113240502
01-10-2022 22:00,1128.569,0.101322925
01-10-2022 23:00,1066.369,0.095738609
02-10-2022 00:00,960.707,0.086252274
02-10-2022 01:00,954.859,0.085727241
02-10-2022 02:00,946.84,0.085007295
02-10-2022 03:00,931.449,0.083625491
02-10-2022 04:00,968.653,0.086965666
02-10-2022 05:00,1006.914,0.090400739
02-10-2022 06:00,1130.005,0.101451849
02-10-2022 07:00,1176.609,0.105635956
02-10-2022 08:00,1236.409,0.1110048
02-10-2022 09:00,1353.014,0.121473597
02-10-2022 10:00,1395.296,0.125269675
02-10-2022 11:00,1345.114,0.120764335
02-10-2022 12:00,1263.458,0.113433259
02-10-2022 13:00,1202.075,0.107922294
02-10-2022 14:00,1087.908,0.09767238
02-10-2022 15:00,1006.176,0.090334481
02-10-2022 16:00,1005.89,0.090308804
02-10-2022 17:00,1050.658,0.094328075
02-10-2022 18:00,1203.928,0.108088656
02-10-2022 19:00,1370.006,0.122999139
02-10-2022 20:00,1369.016,0.122910256
02-10-2022 21:00,1204.214,0.108114333
02-10-2022 22:00,1100.618,0.098813484
02-10-2022 23:00,1012.852,0.090933853
03-10-2022 00:00,962.292,0.086394576
03-10-2022 01:00,977.447,0.087755192
03-10-2022 02:00,980.378,0.088018337
03-10-2022 03:00,1015.919,0.091209208
03-10-2022 04:00,1079.047,0.09687684
03-10-2022 05:00,1241.431,0.111455675
03-10-2022 06:00,1575.278,0.141428459
03-10-2022 07:00,1922.148,0.172570447
03-10-2022 08:00,1940.95,0.174258491
03-10-2022 09:00,1848.307,0.165941002
03-10-2022 10:00,1893.46,0.169994839
03-10-2022 11:00,1832.853,0.164553542
03-10-2022 12:00,1720.688,0.154483369
03-10-2022 13:00,1652.058,0.148321767
03-10-2022 14:00,1587.622,0.142536703
03-10-2022 15:00,1479.072,0.132791084
03-10-2022 16:00,1399.793,0.125673416
03-10-2022 17:00,1403.901,0.126042232
03-10-2022 18:00,1530.98,0.137451384
03-10-2022 19:00,1684.42,0.151227228
03-10-2022 20:00,1755.633,0.157620731
03-10-2022 21:00,1576.103,0.141502527
03-10-2022 22:00,1410.439,0.126629213
03-10-2022 23:00,1345.341,0.120784715
04-10-2022 00:00,1250.059,0.112230297
04-10-2022 01:00,1211.748,0.108790735
04-10-2022 02:00,1154.447,0.103646252
04-10-2022 03:00,1190.118,0.106848794
04-10-2022 04:00,1271.1,0.114119358
04-10-2022 05:00,1375.588,0.123500291
04-10-2022 06:00,1762.53,0.158239943
04-10-2022 07:00,2154.912,0.193467999
04-10-2022 08:00,2208.208,0.198252914
04-10-2022 09:00,2124.293,0.190719026
04-10-2022 10:00,2052.262,0.184252082
04-10-2022 11:00,2009.143,0.180380859
04-10-2022 12:00,1801.455,0.16173463
04-10-2022 13:00,1773.194,0.159197357
04-10-2022 14:00,1682.61,0.151064726
04-10-2022 15:00,1561.952,0.140232051
04-10-2022 16:00,1500.388,0.134704835
04-10-2022 17:00,1433.916,0.128736978
04-10-2022 18:00,1598.372,0.143501838
04-10-2022 19:00,1698.96,0.152532629
04-10-2022 20:00,1730.375,0.155353068
04-10-2022 21:00,1533.218,0.137652312
04-10-2022 22:00,1371.85,0.123164693
04-10-2022 23:00,1266.703,0.113724595
05-10-2022 00:00,1196.669,0.107436943
05-10-2022 01:00,1149.474,0.103199776
05-10-2022 02:00,1144.517,0.102754736
05-10-2022 03:00,1118.996,0.100463461
05-10-2022 04:00,1202.358,0.107947701
05-10-2022 05:00,1303.246,0.117005426
05-10-2022 06:00,1606.759,0.144254823
05-10-2022 07:00,2010.648,0.180515977
05-10-2022 08:00,2043.996,0.183509961
05-10-2022 09:00,1979.903,0.177755691
05-10-2022 10:00,1951.073,0.175167334
05-10-2022 11:00,1912.133,0.171671301
05-10-2022 12:00,1748.839,0.157010765
05-10-2022 13:00,1667.204,0.149681575
05-10-2022 14:00,1568.671,0.140835282
05-10-2022 15:00,1462.24,0.131279907
05-10-2022 16:00,1422.075,0.127673894
05-10-2022 17:00,1425.999,0.12802619
05-10-2022 18:00,1523.877,0.136813677
05-10-2022 19:00,1704.405,0.153021481
05-10-2022 20:00,1709.752,0.153501535
05-10-2022 21:00,1526.195,0.137021787
05-10-2022 22:00,1362.764,0.122348952
05-10-2022 23:00,1299.719,0.116688772
06-10-2022 00:00,1206.703,0.108337795
06-10-2022 01:00,1134.694,0.101872827
06-10-2022 02:00,1126.129,0.101103862
06-10-2022 03:00,1087.119,0.097601544
06-10-2022 04:00,1124.186,0.100929419
06-10-2022 05:00,1204.375,0.108128788
06-10-2022 06:00,1506.202,0.135226816
06-10-2022 07:00,1940.018,0.174174816
06-10-2022 08:00,1940.021,0.174175085
06-10-2022 09:00,1941.83,0.174337497
06-10-2022 10:00,1948.276,0.174916219
06-10-2022 11:00,1950.737,0.175137168
06-10-2022 12:00,1802.581,0.161835722
06-10-2022 13:00,1718.879,0.154320957
06-10-2022 14:00,1593.384,0.143054016
06-10-2022 15:00,1530.441,0.137402993
06-10-2022 16:00,1492.437,0.133990994
06-10-2022 17:00,1469.125,0.131898043
06-10-2022 18:00,1605.188,0.144113779
06-10-2022 19:00,1765.8,0.158533524
06-10-2022 20:00,1772.85,0.159166473
06-10-2022 21:00,1588.562,0.142621096
06-10-2022 22:00,1424.956,0.12793255
06-10-2022 23:00,1364.571,0.122511184
07-10-2022 00:00,1274.941,0.114464203
07-10-2022 01:00,1176.237,0.105602558
07-10-2022 02:00,1152.101,0.103435628
07-10-2022 03:00,1164.911,0.10458571
07-10-2022 04:00,1189.782,0.106818628
07-10-2022 05:00,1299.542,0.116672881
07-10-2022 06:00,1648.271,0.14798177
07-10-2022 07:00,2054.888,0.184487845
07-10-2022 08:00,2081.02,0.186833976
07-10-2022 09:00,2032.177,0.182448851
07-10-2022 10:00,1920.576,0.172429313
07-10-2022 11:00,1883.884,0.169135106
07-10-2022 12:00,1721.535,0.154559412
07-10-2022 13:00,1669.712,0.149906743
07-10-2022 14:00,1569.538,0.140913122
07-10-2022 15:00,1446.764,0.129890472
07-10-2022 16:00,1397.721,0.125487391
07-10-2022 17:00,1414.045,0.12695296
07-10-2022 18:00,1525.851,0.136990903
07-10-2022 19:00,1638.601,0.147113598
07-10-2022 20:00,1582.252,0.142054585
07-10-2022 21:00,1454.375,0.130573788
07-10-2022 22:00,1312.782,0.117861568
07-10-2022 23:00,1295.315,0.116293381
08-10-2022 00:00,1144.585,0.102760841
08-10-2022 01:00,1099.635,0.09872523
08-10-2022 02:00,1128.598,0.101325528
08-10-2022 03:00,1060.906,0.095248141
08-10-2022 04:00,1036.128,0.093023572
08-10-2022 05:00,1041.665,0.093520684
08-10-2022 06:00,1105.683,0.09926822
08-10-2022 07:00,1204.731,0.108160749
08-10-2022 08:00,1387.582,0.124577112
08-10-2022 09:00,1500.222,0.134689931
08-10-2022 10:00,1543.058,0.138535747
08-10-2022 11:00,1489.663,0.133741944
08-10-2022 12:00,1428.706,0.128269225
08-10-2022 13:00,1364.305,0.122487303
08-10-2022 14:00,1257.399,0.112889282
08-10-2022 15:00,1183.889,0.106289554
08-10-2022 16:00,1139.376,0.102293177
08-10-2022 17:00,1178.66,0.105820095
08-10-2022 18:00,1281.582,0.115060432
08-10-2022 19:00,1378.695,0.123779237
08-10-2022 20:00,1323.43,0.118817545
08-10-2022 21:00,1177.3,0.105697994
08-10-2022 22:00,1102.358,0.098969701
08-10-2022 23:00,1036.693,0.093074298
09-10-2022 00:00,983.103,0.088262987
09-10-2022 01:00,914.04,0.082062511
09-10-2022 02:00,931.96,0.083671369
09-10-2022 03:00,924.758,0.083024773
09-10-2022 04:00,907.398,0.081466192
09-10-2022 05:00,942.27,0.084597001
09-10-2022 06:00,1012.286,0.090883037
09-10-2022 07:00,1083.567,0.097282645
09-10-2022 08:00,1214.628,0.109049302
09-10-2022 09:00,1314.732,0.118036639
09-10-2022 10:00,1333.665,0.119736444
09-10-2022 11:00,1298.982,0.116622604
09-10-2022 12:00,1242.622,0.111562603
09-10-2022 13:00,1115.238,0.100126068
09-10-2022 14:00,1011.304,0.090794873
09-10-2022 15:00,953.42,0.085598048
09-10-2022 16:00,951.148,0.085394067
09-10-2022 17:00,988.969,0.088789637
09-10-2022 18:00,1142.682,0.10258999
09-10-2022 19:00,1290.861,0.115893501
09-10-2022 20:00,1268.844,0.113916814
09-10-2022 21:00,1150.228,0.10326747
09-10-2022 22:00,1076.629,0.096659752
09-10-2022 23:00,948.286,0.085137117
10-10-2022 00:00,918.821,0.082491749
10-10-2022 01:00,920.619,0.082653174
10-10-2022 02:00,916.939,0.082322783
10-10-2022 03:00,929.491,0.083449702
10-10-2022 04:00,982.368,0.088196999
10-10-2022 05:00,1156.966,0.103872407
10-10-2022 06:00,1494.636,0.13418842
10-10-2022 07:00,1870.964,0.167975148
10-10-2022 08:00,1840.869,0.165273219
10-10-2022 09:00,1842.828,0.165449098
10-10-2022 10:00,1825.072,0.163854964
10-10-2022 11:00,1845.56,0.165694377
10-10-2022 12:00,1723.387,0.154725685
10-10-2022 13:00,1711.201,0.153631626
10-10-2022 14:00,1630.946,0.146426332
10-10-2022 15:00,1525.966,0.137001227
10-10-2022 16:00,1456.305,0.130747063
10-10-2022 17:00,1478.301,0.132721864
10-10-2022 18:00,1588.83,0.142645157
10-10-2022 19:00,1713.175,0.153808852
10-10-2022 20:00,1676.724,0.150536281
10-10-2022 21:00,1466.292,0.131643696
10-10-2022 22:00,1380.337,0.123926656
10-10-2022 23:00,1272.319,0.1142288
11-10-2022 00:00,1191.081,0.106935252
11-10-2022 01:00,1153.827,0.103590588
11-10-2022 02:00,1127.907,0.10126349
11-10-2022 03:00,1168.432,0.104901825
11-10-2022 04:00,1176.819,0.10565481
11-10-2022 05:00,1280.736,0.114984478
11-10-2022 06:00,1585.827,0.142375548
11-10-2022 07:00,1998.673,0.179440862
11-10-2022 08:00,2027.094,0.181992499
11-10-2022 09:00,1988.089,0.17849063
11-10-2022 10:00,2002.906,0.179820901
11-10-2022 11:00,1941.533,0.174310833
11-10-2022 12:00,1879.383,0.168731006
11-10-2022 13:00,1815.366,0.162983559
11-10-2022 14:00,1678.951,0.150736221
11-10-2022 15:00,1539.373,0.138204908
11-10-2022 16:00,1481.829,0.133038608
11-10-2022 17:00,1486.07,0.133419365
11-10-2022 18:00,1590.124,0.142761333
11-10-2022 19:00,1714.549,0.153932209
11-10-2022 20:00,1671.289,0.150048326
11-10-2022 21:00,1490.514,0.133818347
11-10-2022 22:00,1331.656,0.119556076
11-10-2022 23:00,1245.039,0.111779601
12-10-2022 00:00,1159.813,0.104128011
12-10-2022 01:00,1125.717,0.101066872
12-10-2022 02:00,1094.425,0.098257477
12-10-2022 03:00,1076.471,0.096645566
12-10-2022 04:00,1139.27,0.102283661
12-10-2022 05:00,1218.822,0.109425839
12-10-2022 06:00,1525.742,0.136981117
12-10-2022 07:00,1873.145,0.168170958
12-10-2022 08:00,1902.222,0.170781491
12-10-2022 09:00,1840.526,0.165242424
12-10-2022 10:00,1875.584,0.168389932
12-10-2022 11:00,1861.961,0.167166859
12-10-2022 12:00,1724.571,0.154831984
12-10-2022 13:00,1658.905,0.148936491
12-10-2022 14:00,1553.105,0.139437767
12-10-2022 15:00,1465.151,0.131541257
12-10-2022 16:00,1397.452,0.125463241
12-10-2022 17:00,1439.523,0.129240375
12-10-2022 18:00,1562.692,0.140298488
12-10-2022 19:00,1745.114,0.156676335
12-10-2022 20:00,1716.269,0.154086631
12-10-2022 21:00,1521.996,0.136644801
12-10-2022 22:00,1370.975,0.123086136
12-10-2022 23:00,1236.794,0.111039365
13-10-2022 00:00,1246.618,0.111921364
13-10-2022 01:00,1218.707,0.109415514
13-10-2022 02:00,1115.54,0.100153181
13-10-2022 03:00,1129.431,0.101400315
13-10-2022 04:00,1157.057,0.103880577
13-10-2022 05:00,1282.217,0.115117442
13-10-2022 06:00,1654.13,0.148507791
13-10-2022 07:00,2103.273,0.18883185
13-10-2022 08:00,2040.697,0.183213777
13-10-2022 09:00,2012.047,0.18064158
13-10-2022 10:00,2020.058,0.181360807
13-10-2022 11:00,1975.143,0.177328339
13-10-2022 12:00,1823.882,0.163748126
13-10-2022 13:00,1723.195,0.154708447
13-10-2022 14:00,1647.036,0.147870892
13-10-2022 15:00,1534.204,0.137740835
13-10-2022 16:00,1468.87,0.131875149
13-10-2022 17:00,1491.199,0.133879846
13-10-2022 18:00,1651.795,0.148298155
13-10-2022 19:00,1807.825,0.162306529
13-10-2022 20:00,1719.254,0.154354624
13-10-2022 21:00,1519.68,0.13643687
13-10-2022 22:00,1376.539,0.123585671
13-10-2022 23:00,1308.188,0.117449119
14-10-2022 00:00,1236.307,0.110995642
14-10-2022 01:00,1170.226,0.10506289
14-10-2022 02:00,1111.086,0.099753301
14-10-2022 03:00,1090.941,0.097944683
14-10-2022 04:00,1153.732,0.103582059
14-10-2022 05:00,1257.724,0.112918461
14-10-2022 06:00,1539.551,0.138220889
14-10-2022 07:00,1907.317,0.17123892
14-10-2022 08:00,1912.116,0.171669774
14-10-2022 09:00,1848.107,0.165923046
14-10-2022 10:00,1891.355,0.169805852
14-10-2022 11:00,1870.179,0.167904671
14-10-2022 12:00,1744.625,0.156632433
14-10-2022 13:00,1686.692,0.151431208
14-10-2022 14:00,1544.435,0.138659374
14-10-2022 15:00,1435.484,0.128877754
14-10-2022 16:00,1444.591,0.12969538
14-10-2022 17:00,1415.835,0.127113666
14-10-2022 18:00,1443.059,0.129557837
14-10-2022 19:00,1608.099,0.144375128
14-10-2022 20:00,1572.161,0.141148615
14-10-2022 21:00,1377.987,0.123715673
14-10-2022 22:00,1262.533,0.113350213
14-10-2022 23:00,1235.391,0.110913404
15-10-2022 00:00,1165.261,0.104617133
15-10-2022 01:00,1116.725,0.100259571
15-10-2022 02:00,1044.184,0.09374684
15-10-2022 03:00,1031.282,0.092588498
15-10-2022 04:00,1052.618,0.094504044
15-10-2022 05:00,1028.053,0.092298598
15-10-2022 06:00,1138.012,0.102170717
15-10-2022 07:00,1246.037,0.111869202
15-10-2022 08:00,1381.326,0.124015448
15-10-2022 09:00,1487.9,0.133583662
15-10-2022 10:00,1486.545,0.13346201
15-10-2022 11:00,1405.961,0.126227179
15-10-2022 12:00,1357.18,0.12184762
15-10-2022 13:00,1238.247,0.111169816
15-10-2022 14:00,1133.3,0.101747674
15-10-2022 15:00,1062.564,0.095396996
15-10-2022 16:00,1027.113,0.092214205
15-10-2022 17:00,1047.873,0.094078038
15-10-2022 18:00,1139.221,0.102279261
15-10-2022 19:00,1245.197,0.111793787
15-10-2022 20:00,1217.001,0.10926235
15-10-2022 21:00,1108.629,0.099532712
15-10-2022 22:00,1051.764,0.094427372
15-10-2022 23:00,1015.22,0.091146452
16-10-2022 00:00,979.09,0.0879027
16-10-2022 01:00,912.891,0.081959354
16-10-2022 02:00,905.694,0.081313207
16-10-2022 03:00,864.123,0.077580963
16-10-2022 04:00,838.819,0.07530917
16-10-2022 05:00,858.359,0.077063471
16-10-2022 06:00,925.223,0.083066521
16-10-2022 07:00,957.59,0.08597243
16-10-2022 08:00,1060.586,0.095219411
16-10-2022 09:00,1201.709,0.107889434
16-10-2022 10:00,1294.003,0.116175589
16-10-2022 11:00,1293.678,0.116146411
16-10-2022 12:00,1224.242,0.109912447
16-10-2022 13:00,1122.558,0.100783257
16-10-2022 14:00,1014.461,0.091078309
16-10-2022 15:00,958.986,0.086097763
16-10-2022 16:00,943.115,0.084672865
16-10-2022 17:00,992.546,0.08911078
16-10-2022 18:00,1160.487,0.104188523
16-10-2022 19:00,1279.219,0.114848282
16-10-2022 20:00,1243.144,0.111609468
16-10-2022 21:00,1116.058,0.100199687
16-10-2022 22:00,1014.552,0.091086479
16-10-2022 23:00,904.879,0.081240037
17-10-2022 00:00,883.473,0.079318206
17-10-2022 01:00,903.669,0.081131403
17-10-2022 02:00,863.678,0.077541011
17-10-2022 03:00,870.203,0.078126825
17-10-2022 04:00,961.626,0.086334782
17-10-2022 05:00,1067.796,0.095866725
17-10-2022 06:00,1339.122,0.120226373
17-10-2022 07:00,1654.964,0.148582668
17-10-2022 08:00,1688.748,0.151615795
17-10-2022 09:00,1668.867,0.149830879
17-10-2022 10:00,1694.247,0.152109496
17-10-2022 11:00,1723.432,0.154729725
17-10-2022 12:00,1612.627,0.144781652
17-10-2022 13:00,1563.794,0.140397425
17-10-2022 14:00,1502.042,0.134853331
17-10-2022 15:00,1405.359,0.126173131
17-10-2022 16:00,1336.765,0.120014762
17-10-2022 17:00,1343.882,0.120653726
17-10-2022 18:00,1438.465,0.129145388
17-10-2022 19:00,1580.081,0.141859672
17-10-2022 20:00,1576.06,0.141498667
17-10-2022 21:00,1401.308,0.125809432
17-10-2022 22:00,1253.469,0.112536447
17-10-2022 23:00,1179.669,0.105910683
18-10-2022 00:00,1076.676,0.096663971
18-10-2022 01:00,1046.081,0.093917152
18-10-2022 02:00,990.091,0.08889037
18-10-2022 03:00,1004.332,0.090168927
18-10-2022 04:00,1035.16,0.092936665
18-10-2022 05:00,1100.449,0.098798311
18-10-2022 06:00,1349.79,0.121184146
18-10-2022 07:00,1772.437,0.159129394
18-10-2022 08:00,1756.633,0.157710511
18-10-2022 09:00,1667.98,0.149751244
18-10-2022 10:00,1662.366,0.149247219
18-10-2022 11:00,1636.295,0.146906565
18-10-2022 12:00,1521.959,0.136641479
18-10-2022 13:00,1513.265,0.135860932
18-10-2022 14:00,1386.218,0.124454652
18-10-2022 15:00,1336.389,0.119981004
18-10-2022 16:00,1253.147,0.112507538
18-10-2022 17:00,1261.813,0.113285571
18-10-2022 18:00,1368.463,0.122860608
18-10-2022 19:00,1503.815,0.135012511
18-10-2022 20:00,1489.324,0.133711509
18-10-2022 21:00,1299.718,0.116688682
18-10-2022 22:00,1179.449,0.105890931
18-10-2022 23:00,1140.115,0.102359525
19-10-2022 00:00,1051.266,0.094382661
19-10-2022 01:00,1014.606,0.091091327
19-10-2022 02:00,949.006,0.085201759
19-10-2022 03:00,970.396,0.087122153
19-10-2022 04:00,1026.01,0.092115178
19-10-2022 05:00,1133.16,0.101735105
19-10-2022 06:00,1349.875,0.121191778
19-10-2022 07:00,1705.301,0.153101924
19-10-2022 08:00,1756.585,0.157706201
19-10-2022 09:00,1772.377,0.159124007
19-10-2022 10:00,1796.563,0.161295426
19-10-2022 11:00,1711.085,0.153621211
19-10-2022 12:00,1588.209,0.142589404
19-10-2022 13:00,1533.074,0.137639384
19-10-2022 14:00,1426.844,0.128102054
19-10-2022 15:00,1311.511,0.117747458
19-10-2022 16:00,1228.839,0.110325165
19-10-2022 17:00,1253.442,0.112534023
19-10-2022 18:00,1377.775,0.12369664
19-10-2022 19:00,1529.089,0.13728161
19-10-2022 20:00,1473.828,0.132320278
19-10-2022 21:00,1325.994,0.119047741
19-10-2022 22:00,1192.829,0.107092188
19-10-2022 23:00,1121.59,0.10069635
20-10-2022 00:00,1024.924,0.092017677
20-10-2022 01:00,1005.885,0.090308355
20-10-2022 02:00,966.574,0.086779014
20-10-2022 03:00,962.252,0.086390985
20-10-2022 04:00,999.839,0.089765545
20-10-2022 05:00,1090.46,0.097901499
20-10-2022 06:00,1382.769,0.124145001
20-10-2022 07:00,1805.891,0.162132894
20-10-2022 08:00,1744.473,0.156618786
20-10-2022 09:00,1727.077,0.155056973
20-10-2022 10:00,1747.829,0.156920088
20-10-2022 11:00,1752.45,0.157334961
20-10-2022 12:00,1628.935,0.146245784
20-10-2022 13:00,1600.851,0.143724403
20-10-2022 14:00,1538.446,0.138121682
20-10-2022 15:00,1380.807,0.123968852
20-10-2022 16:00,1319.277,0.118444689
20-10-2022 17:00,1292.31,0.116023592
20-10-2022 18:00,1375.537,0.123495712
20-10-2022 19:00,1515.862,0.13609409
20-10-2022 20:00,1505.392,0.135154094
20-10-2022 21:00,1325.005,0.118958949
20-10-2022 22:00,1169.539,0.105001211
20-10-2022 23:00,1136.514,0.102036227
21-10-2022 00:00,1034.816,0.09290578
21-10-2022 01:00,996.082,0.089428242
21-10-2022 02:00,953.388,0.085595175
21-10-2022 03:00,946.638,0.08498916
21-10-2022 04:00,984.215,0.088362823
21-10-2022 05:00,1050.838,0.094344236
21-10-2022 06:00,1327.067,0.119144075
21-10-2022 07:00,1726.388,0.154995115
21-10-2022 08:00,1760.677,0.158073581
21-10-2022 09:00,1727.752,0.155117575
21-10-2022 10:00,1760.297,0.158039465
21-10-2022 11:00,1688.862,0.15162603
21-10-2022 12:00,1631.179,0.146447251
21-10-2022 13:00,1553.34,0.139458865
21-10-2022 14:00,1447.676,0.129972351
21-10-2022 15:00,1347.618,0.120989144
21-10-2022 16:00,1261.982,0.113300744
21-10-2022 17:00,1244.47,0.111728517
21-10-2022 18:00,1329.596,0.119371129
21-10-2022 19:00,1440.143,0.129296039
21-10-2022 20:00,1408.062,0.126415806
21-10-2022 21:00,1253.848,0.112570473
21-10-2022 22:00,1134.69,0.101872468
21-10-2022 23:00,1070.319,0.09609324
22-10-2022 00:00,1000.552,0.089829559
22-10-2022 01:00,956.742,0.085896297
22-10-2022 02:00,949.365,0.08523399
22-10-2022 03:00,916.516,0.082284806
22-10-2022 04:00,963.076,0.086464963
22-10-2022 05:00,1002.364,0.08999224
22-10-2022 06:00,1028.369,0.092326969
22-10-2022 07:00,1110.746,0.099722776
22-10-2022 08:00,1241.158,0.111431165
22-10-2022 09:00,1347.907,0.12101509
22-10-2022 10:00,1328.884,0.119307206
22-10-2022 11:00,1300.094,0.116722439
22-10-2022 12:00,1260.376,0.113156557
22-10-2022 13:00,1197.9,0.107547462
22-10-2022 14:00,1055.745,0.094784786
22-10-2022 15:00,1003.436,0.090088484
22-10-2022 16:00,1008.995,0.090587571
22-10-2022 17:00,1021.526,0.091712604
22-10-2022 18:00,1149.305,0.103184603
22-10-2022 19:00,1304.296,0.117099695
22-10-2022 20:00,1223.642,0.109858579
22-10-2022 21:00,1087.821,0.097664569
22-10-2022 22:00,1017.12,0.091317034
22-10-2022 23:00,976.614,0.087680405
23-10-2022 00:00,853.724,0.076647341
23-10-2022 01:00,851.818,0.07647622
23-10-2022 02:00,838.218,0.075255212
23-10-2022 03:00,785.51,0.070523088
23-10-2022 04:00,796.59,0.07151785
23-10-2022 05:00,821.132,0.073721231
23-10-2022 06:00,876.602,0.078701328
23-10-2022 07:00,882.62,0.079241624
23-10-2022 08:00,976.913,0.087707249
23-10-2022 09:00,1127.993,0.101271212
23-10-2022 10:00,1220.356,0.109563562
23-10-2022 11:00,1217.498,0.10930697
23-10-2022 12:00,1208.322,0.108483149
23-10-2022 13:00,1117.785,0.100354737
23-10-2022 14:00,1016.769,0.091285521
23-10-2022 15:00,965.652,0.086696237
23-10-2022 16:00,936.685,0.084095579
23-10-2022 17:00,989.066,0.088798345
23-10-2022 18:00,1074.246,0.096445806
23-10-2022 19:00,1207.598,0.108418148
23-10-2022 20:00,1176.13,0.105592951
23-10-2022 21:00,1054.273,0.09465263
23-10-2022 22:00,912.244,0.081901266
23-10-2022 23:00,838.495,0.075280081
24-10-2022 00:00,828.253,0.074360554
24-10-2022 01:00,835.511,0.075012178
24-10-2022 02:00,834.953,0.07496208
24-10-2022 03:00,828.103,0.074347087
24-10-2022 04:00,906.258,0.081363843
24-10-2022 05:00,1018.985,0.091484473
24-10-2022 06:00,1230.2,0.110447356
24-10-2022 07:00,1570.246,0.140976686
24-10-2022 08:00,1618.462,0.145305518
24-10-2022 09:00,1592.762,0.142998172
24-10-2022 10:00,1594.772,0.14317863
24-10-2022 11:00,1557.327,0.139816818
24-10-2022 12:00,1480.822,0.132948199
24-10-2022 13:00,1441.923,0.129455847
24-10-2022 14:00,1362.314,0.122308551
24-10-2022 15:00,1275.759,0.114537643
24-10-2022 16:00,1241.519,0.111463576
24-10-2022 17:00,1222.851,0.109787563
24-10-2022 18:00,1328.361,0.119260251
24-10-2022 19:00,1506.401,0.135244682
24-10-2022 20:00,1492.215,0.133971063
24-10-2022 21:00,1300.351,0.116745513
24-10-2022 22:00,1175.866,0.105569249
24-10-2022 23:00,1141.262,0.102462502
25-10-2022 00:00,1093.33,0.098159167
25-10-2022 01:00,1066.908,0.095787
25-10-2022 02:00,1076.717,0.096667652
25-10-2022 03:00,1076.714,0.096667383
25-10-2022 04:00,1128.813,0.101344831
25-10-2022 05:00,1193.055,0.107112478
25-10-2022 06:00,1451.791,0.130341796
25-10-2022 07:00,1797.684,0.16139607
25-10-2022 08:00,1826.852,0.164014773
25-10-2022 09:00,1799.993,0.161603372
25-10-2022 10:00,1809.479,0.162455025
25-10-2022 11:00,1821.24,0.163510927
25-10-2022 12:00,1666.816,0.14964674
25-10-2022 13:00,1601.807,0.143810232
25-10-2022 14:00,1496.825,0.134384949
25-10-2022 15:00,1419.008,0.127398538
25-10-2022 16:00,1337.773,0.12010526
25-10-2022 17:00,1333.586,0.119729351
25-10-2022 18:00,1409.843,0.126575705
25-10-2022 19:00,1569.617,0.140920214
25-10-2022 20:00,1544.079,0.138627413
25-10-2022 21:00,1408.445,0.126450192
25-10-2022 22:00,1292.275,0.11602045
25-10-2022 23:00,1187.784,0.106639248
26-10-2022 00:00,1099.451,0.098708711
26-10-2022 01:00,1102.262,0.098961082
26-10-2022 02:00,1109.667,0.099625903
26-10-2022 03:00,1089.013,0.097771587
26-10-2022 04:00,1132.269,0.101655111
26-10-2022 05:00,1221.256,0.109644364
26-10-2022 06:00,1445.688,0.129793869
26-10-2022 07:00,1777.475,0.159581706
26-10-2022 08:00,1874.729,0.16831317
26-10-2022 09:00,1969.868,0.176854749
26-10-2022 10:00,1948.622,0.174947283
26-10-2022 11:00,1726.814,0.155033361
26-10-2022 12:00,1683.448,0.151139961
26-10-2022 13:00,1640.882,0.147318386
26-10-2022 14:00,1563.741,0.140392667
26-10-2022 15:00,1407.509,0.126366158
26-10-2022 16:00,1348.008,0.121024158
26-10-2022 17:00,1341.269,0.120419131
26-10-2022 18:00,1406.095,0.126239209
26-10-2022 19:00,1558.801,0.139949154
26-10-2022 20:00,1563.213,0.140345263
26-10-2022 21:00,1350.086,0.121210721
26-10-2022 22:00,1266.588,0.113714271
26-10-2022 23:00,1194.716,0.107261602
27-10-2022 00:00,1121.845,0.100719244
27-10-2022 01:00,1114.692,0.100077048
27-10-2022 02:00,1041.617,0.093516374
27-10-2022 03:00,996.147,0.089434078
27-10-2022 04:00,1049.265,0.094203012
27-10-2022 05:00,1105.764,0.099275492
27-10-2022 06:00,1309.884,0.117601386
27-10-2022 07:00,1697.231,0.152377399
27-10-2022 08:00,1748.634,0.156992361
27-10-2022 09:00,1661.552,0.149174139
27-10-2022 10:00,1746.574,0.156807414
27-10-2022 11:00,1690.125,0.151739423
27-10-2022 12:00,1586.095,0.142399609
27-10-2022 13:00,1514.132,0.135938771
27-10-2022 14:00,1451.594,0.130324109
27-10-2022 15:00,1286.85,0.115533393
27-10-2022 16:00,1258.778,0.113013089
27-10-2022 17:00,1253.79,0.112565266
27-10-2022 18:00,1370.692,0.123060728
27-10-2022 19:00,1511.441,0.135697173
27-10-2022 20:00,1499.142,0.134592969
27-10-2022 21:00,1341.724,0.120459981
27-10-2022 22:00,1185.545,0.10643823
27-10-2022 23:00,1167.62,0.104828924
28-10-2022 00:00,1066.532,0.095753243
28-10-2022 01:00,1044.932,0.093813995
28-10-2022 02:00,1002.264,0.089983262
28-10-2022 03:00,993.686,0.089213129
28-10-2022 04:00,1028.637,0.09235103
28-10-2022 05:00,1099.468,0.098710237
28-10-2022 06:00,1311.305,0.117728963
28-10-2022 07:00,1619.486,0.145397453
28-10-2022 08:00,1693.962,0.152083908
28-10-2022 09:00,1697.931,0.152440245
28-10-2022 10:00,1701.128,0.152727272
28-10-2022 11:00,1608.833,0.144441027
28-10-2022 12:00,1500.511,0.134715878
28-10-2022 13:00,1491.06,0.133867367
28-10-2022 14:00,1315.624,0.118116723
28-10-2022 15:00,1238.433,0.111186515
28-10-2022 16:00,1162.134,0.104336391
28-10-2022 17:00,1141.161,0.102453435
28-10-2022 18:00,1280.056,0.114923428
28-10-2022 19:00,1383.191,0.124182888
28-10-2022 20:00,1342.668,0.120544733
28-10-2022 21:00,1177.028,0.105673574
28-10-2022 22:00,1107.873,0.099464838
28-10-2022 23:00,1045.579,0.093872083
29-10-2022 00:00,947.303,0.085048863
29-10-2022 01:00,930.983,0.083583654
29-10-2022 02:00,915.522,0.082195565
29-10-2022 03:00,885.029,0.079457904
29-10-2022 04:00,880.187,0.079023189
29-10-2022 05:00,900.676,0.080862691
29-10-2022 06:00,983.914,0.088335799
29-10-2022 07:00,1048.11,0.094099316
29-10-2022 08:00,1167.551,0.104822729
29-10-2022 09:00,1283.64,0.115245199
29-10-2022 10:00,1278.58,0.114790912
29-10-2022 11:00,1215.457,0.109123729
29-10-2022 12:00,1213.079,0.108910233
29-10-2022 13:00,1121.002,0.10064356
29-10-2022 14:00,1004.73,0.090204659
29-10-2022 15:00,940.163,0.084407834
29-10-2022 16:00,915.623,0.082204633
29-10-2022 17:00,915.264,0.082172402
29-10-2022 18:00,1054.808,0.094700662
29-10-2022 19:00,1150.928,0.103330316
29-10-2022 20:00,1134.124,0.101821653
29-10-2022 21:00,1053.295,0.094564825
29-10-2022 22:00,966.33,0.086757107
29-10-2022 23:00,977.876,0.087793707
30-10-2022 00:00,868.07,0.077935325
30-10-2022 01:00,834.336,0.074906686
30-10-2022 02:00,853.027,0.076584764
30-10-2022 03:00,826.515,0.074204517
30-10-2022 04:00,840.694,0.075477507
30-10-2022 05:00,918.212,0.082437073
30-10-2022 06:00,880.609,0.079061076
30-10-2022 07:00,946.492,0.084976052
30-10-2022 08:00,1063.814,0.095509221
30-10-2022 09:00,1158.549,0.104014529
30-10-2022 10:00,1157.62,0.103931124
30-10-2022 11:00,1126.734,0.101158179
30-10-2022 12:00,1096.684,0.09846029
30-10-2022 13:00,1032.837,0.092728106
30-10-2022 14:00,932.131,0.083686721
30-10-2022 15:00,897.97,0.080619747
30-10-2022 16:00,898.245,0.080644436
30-10-2022 17:00,953.331,0.085590057
30-10-2022 18:00,1083.745,0.097298626
30-10-2022 19:00,1126.847,0.101168324
30-10-2022 20:00,1071.097,0.096163089
30-10-2022 21:00,1004.839,0.090214445
30-10-2022 22:00,933.264,0.083788442
30-10-2022 23:00,870.649,0.078166867
31-10-2022 00:00,870.101,0.078117668
31-10-2022 01:00,858.105,0.077040667
31-10-2022 02:00,839.427,0.075363756
31-10-2022 03:00,860.734,0.077276699
31-10-2022 04:00,913.036,0.081972372
31-10-2022 05:00,1001.92,0.089952378
31-10-2022 06:00,1146.108,0.102897576
31-10-2022 07:00,1313.697,0.117943717
31-10-2022 08:00,1441.152,0.129386627
31-10-2022 09:00,1494.494,0.134175671
31-10-2022 10:00,1467.73,0.131772799
31-10-2022 11:00,1466.815,0.131690651
31-10-2022 12:00,1414.866,0.127026669
31-10-2022 13:00,1328.723,0.119292751
31-10-2022 14:00,1280.744,0.114985196
31-10-2022 15:00,1289.812,0.115799321
31-10-2022 16:00,1278.458,0.114779959
31-10-2022 17:00,1276.772,0.11462859
31-10-2022 18:00,1362.098,0.122289158
31-10-2022 19:00,1383.795,0.124237115
31-10-2022 20:00,1398.737,0.125578608
31-10-2022 21:00,1238.767,0.111216501
31-10-2022 22:00,1159.548,0.104104219
31-10-2022 23:00,1100.668,0.098817973
01-11-2022 00:00,1038.607,0.093246136
01-11-2022 01:00,1012.824,0.090931339
01-11-2022 02:00,1008.194,0.090515657
01-11-2022 03:00,1017.89,0.091386164
01-11-2022 04:00,1034.286,0.092858197
01-11-2022 05:00,1077.104,0.096702397
01-11-2022 06:00,1169.531,0.105000493
01-11-2022 07:00,1242.663,0.111566284
01-11-2022 08:00,1359.004,0.122011379
01-11-2022 09:00,1451.767,0.130339641
01-11-2022 10:00,1449.293,0.130117526
01-11-2022 11:00,1398.56,0.125562717
01-11-2022 12:00,1339.891,0.120295414
01-11-2022 13:00,1255.436,0.112713044
01-11-2022 14:00,1128.428,0.101310266
01-11-2022 15:00,1070.393,0.096099884
01-11-2022 16:00,1085.989,0.097500092
01-11-2022 17:00,1174.95,0.105487011
01-11-2022 18:00,1370.974,0.123086046
01-11-2022 19:00,1404.01,0.126052018
01-11-2022 20:00,1346.235,0.120864978
01-11-2022 21:00,1208.727,0.10851951
01-11-2022 22:00,1129.577,0.101413423
01-11-2022 23:00,1060.136,0.09517901
02-11-2022 00:00,1026.157,0.092128375
02-11-2022 01:00,1032.988,0.092741663
02-11-2022 02:00,1003.469,0.090091447
02-11-2022 03:00,1028.306,0.092321313
02-11-2022 04:00,1157.052,0.103880129
02-11-2022 05:00,1301.198,0.116821556
02-11-2022 06:00,1643.976,0.147596165
02-11-2022 07:00,1992.123,0.178852803
02-11-2022 08:00,2022.885,0.181614615
02-11-2022 09:00,1971.819,0.17702991
02-11-2022 10:00,1974.529,0.177273214
02-11-2022 11:00,1898.911,0.17048423
02-11-2022 12:00,1712.013,0.153704527
02-11-2022 13:00,1629.626,0.146307822
02-11-2022 14:00,1517.946,0.136281192
02-11-2022 15:00,1418.086,0.127315761
02-11-2022 16:00,1384.287,0.124281287
02-11-2022 17:00,1442.702,0.129525786
02-11-2022 18:00,1624.733,0.145868529
02-11-2022 19:00,1717.333,0.154182157
02-11-2022 20:00,1702.423,0.152843537
02-11-2022 21:00,1585.663,0.142360824
02-11-2022 22:00,1435.82,0.12890792
02-11-2022 23:00,1374.926,0.123440856
03-11-2022 00:00,1313.728,0.1179465
03-11-2022 01:00,1271.149,0.114123757
03-11-2022 02:00,1228.615,0.110305055
03-11-2022 03:00,1230.788,0.110500147
03-11-2022 04:00,1312.393,0.117826644
03-11-2022 05:00,1458.373,0.130932728
03-11-2022 06:00,1779.807,0.159791072
03-11-2022 07:00,2032.544,0.1824818
03-11-2022 08:00,2071.408,0.18597101
03-11-2022 09:00,2008.076,0.180285063
03-11-2022 10:00,2021.079,0.181452473
03-11-2022 11:00,1953.643,0.175398069
03-11-2022 12:00,1798.766,0.161493211
03-11-2022 13:00,1748.713,0.156999453
03-11-2022 14:00,1642.205,0.147437165
03-11-2022 15:00,1575.969,0.141490497
03-11-2022 16:00,1589.399,0.142696242
03-11-2022 17:00,1699.091,0.15254439
03-11-2022 18:00,1851.821,0.166256489
03-11-2022 19:00,1918.278,0.172222999
03-11-2022 20:00,1926.891,0.172996274
03-11-2022 21:00,1745.07,0.156672385
03-11-2022 22:00,1616.716,0.145148762
03-11-2022 23:00,1484.087,0.133241331
04-11-2022 00:00,1401.441,0.125821373
04-11-2022 01:00,1410.473,0.126632266
04-11-2022 02:00,1377.227,0.12364744
04-11-2022 03:00,1394.976,0.125240945
04-11-2022 04:00,1481.209,0.132982944
04-11-2022 05:00,1728.16,0.155154205
04-11-2022 06:00,2066.45,0.185525881
04-11-2022 07:00,2324.159,0.208662995
04-11-2022 08:00,2492.082,0.223739122
04-11-2022 09:00,2522.275,0.22644985
04-11-2022 10:00,2437.42,0.218831568
04-11-2022 11:00,2359.157,0.211805115
04-11-2022 12:00,2202.397,0.197731203
04-11-2022 13:00,2049.116,0.183969634
04-11-2022 14:00,1922.822,0.172630959
04-11-2022 15:00,1842.654,0.165433476
04-11-2022 16:00,1833.23,0.164587389
04-11-2022 17:00,1983.494,0.178078091
04-11-2022 18:00,2180.15,0.195733867
04-11-2022 19:00,2264.004,0.203262279
04-11-2022 20:00,2153.639,0.193353709
04-11-2022 21:00,2011.147,0.180560778
04-11-2022 22:00,1822.589,0.16363204
04-11-2022 23:00,1685.822,0.151353099
05-11-2022 00:00,1611.433,0.144674455
05-11-2022 01:00,1596.943,0.143373543
05-11-2022 02:00,1608.631,0.144422891
05-11-2022 03:00,1603.905,0.143998591
05-11-2022 04:00,1673.547,0.15025105
05-11-2022 05:00,1870.103,0.167897847
05-11-2022 06:00,2264.49,0.203305912
05-11-2022 07:00,2363.451,0.212190631
05-11-2022 08:00,2466.256,0.221420464
05-11-2022 09:00,2365.898,0.212410322
05-11-2022 10:00,2168.804,0.194715223
05-11-2022 11:00,1973.42,0.177173648
05-11-2022 12:00,1845.598,0.165697788
05-11-2022 13:00,1723.194,0.154708357
05-11-2022 14:00,1568.248,0.140797305
05-11-2022 15:00,1485.549,0.133372589
05-11-2022 16:00,1527.622,0.137149903
05-11-2022 17:00,1742.568,0.156447755
05-11-2022 18:00,2036.807,0.182864532
05-11-2022 19:00,2177.861,0.195528361
05-11-2022 20:00,2108.647,0.189314328
05-11-2022 21:00,1982.795,0.178015335
05-11-2022 22:00,1859.203,0.166919245
05-11-2022 23:00,1699.173,0.152551752
06-11-2022 00:00,1640.939,0.147323503
06-11-2022 01:00,1672.181,0.15012841
06-11-2022 02:00,1693.415,0.152034799
06-11-2022 03:00,1684.54,0.151238001
06-11-2022 04:00,1766.56,0.158601757
06-11-2022 05:00,2029.166,0.182178523
06-11-2022 06:00,2510.42,0.225385508
06-11-2022 07:00,2578.12,0.231463614
06-11-2022 08:00,2643.802,0.237360544
06-11-2022 09:00,2535.739,0.227658647
06-11-2022 10:00,2347.271,0.21073799
06-11-2022 11:00,2161.051,0.194019159
06-11-2022 12:00,1976.179,0.177421351
06-11-2022 13:00,1763.882,0.158361326
06-11-2022 14:00,1620.658,0.145502675
06-11-2022 15:00,1544.421,0.138658117
06-11-2022 16:00,1605.916,0.144179138
06-11-2022 17:00,1853.977,0.166450055
06-11-2022 18:00,2214.33,0.198802547
06-11-2022 19:00,2218.474,0.199174596
06-11-2022 20:00,2092.213,0.187838883
06-11-2022 21:00,1958.426,0.175827486
06-11-2022 22:00,1778.446,0.159668882
06-11-2022 23:00,1610.31,0.144573632
07-11-2022 00:00,1637.773,0.14703926
07-11-2022 01:00,1649.057,0.148052337
07-11-2022 02:00,1706.212,0.153183713
07-11-2022 03:00,1763.37,0.158315359
07-11-2022 04:00,1985.231,0.178234039
07-11-2022 05:00,2432.298,0.218371714
07-11-2022 06:00,3269.795,0.293562195
07-11-2022 07:00,3633.854,0.326247412
07-11-2022 08:00,3508.828,0.315022578
07-11-2022 09:00,3160.194,0.283722217
07-11-2022 10:00,2876.843,0.258282965
07-11-2022 11:00,2690.058,0.241513407
07-11-2022 12:00,2407.235,0.216121558
07-11-2022 13:00,2176.549,0.195410569
07-11-2022 14:00,2080.845,0.186818264
07-11-2022 15:00,1980.993,0.177853552
07-11-2022 16:00,2070.771,0.18591382
07-11-2022 17:00,2236.759,0.200816223
07-11-2022 18:00,2496.542,0.224139541
07-11-2022 19:00,2572.004,0.230914519
07-11-2022 20:00,2500.667,0.224509883
07-11-2022 21:00,2213.334,0.198713127
07-11-2022 22:00,2037.175,0.182897572
07-11-2022 23:00,1863.783,0.167330438
08-11-2022 00:00,1788.026,0.160528974
08-11-2022 01:00,1711.419,0.153651198
08-11-2022 02:00,1746.84,0.156831295
08-11-2022 03:00,1734.597,0.155732119
08-11-2022 04:00,1849.571,0.166054484
08-11-2022 05:00,2235.205,0.200676705
08-11-2022 06:00,3038.561,0.272802007
08-11-2022 07:00,3256.697,0.292386257
08-11-2022 08:00,3057.224,0.274477571
08-11-2022 09:00,2786.969,0.250214077
08-11-2022 10:00,2702.29,0.242611596
08-11-2022 11:00,2544.702,0.228463346
08-11-2022 12:00,2305.475,0.206985546
08-11-2022 13:00,2225.489,0.199804402
08-11-2022 14:00,2027.229,0.18200462
08-11-2022 15:00,1973.102,0.177145098
08-11-2022 16:00,2025.819,0.18187803
08-11-2022 17:00,2157.843,0.193731145
08-11-2022 18:00,2387.966,0.214391587
08-11-2022 19:00,2470.924,0.221839557
08-11-2022 20:00,2383.967,0.214032557
08-11-2022 21:00,2152.867,0.193284399
08-11-2022 22:00,1960.851,0.176045203
08-11-2022 23:00,1804.34,0.161993645
09-11-2022 00:00,1723.674,0.154751452
09-11-2022 01:00,1681.048,0.150924489
09-11-2022 02:00,1683.907,0.15118117
09-11-2022 03:00,1673.42,0.150239648
09-11-2022 04:00,1789.695,0.160678817
09-11-2022 05:00,2108.054,0.189261088
09-11-2022 06:00,2806.708,0.251986244
09-11-2022 07:00,3001.77,0.269498911
09-11-2022 08:00,2911.931,0.261433165
09-11-2022 09:00,2784.016,0.249948956
09-11-2022 10:00,2677.649,0.240399327
09-11-2022 11:00,2565.047,0.23028992
09-11-2022 12:00,2430.386,0.218200055
09-11-2022 13:00,2458.283,0.220704648
09-11-2022 14:00,2314.066,0.207756845
09-11-2022 15:00,2270.412,0.203837589
09-11-2022 16:00,2366.673,0.212479902
09-11-2022 17:00,2494.004,0.223911679
09-11-2022 18:00,2714.243,0.243684737
09-11-2022 19:00,2778.01,0.249409738
09-11-2022 20:00,2687.644,0.241296678
09-11-2022 21:00,2473.635,0.22208295
09-11-2022 22:00,2287.83,0.205401377
09-11-2022 23:00,2108.268,0.189280301
10-11-2022 00:00,2025.286,0.181830177
10-11-2022 01:00,2038.165,0.182986454
10-11-2022 02:00,2016.43,0.181035085
10-11-2022 03:00,2073.843,0.186189625
10-11-2022 04:00,2234.926,0.200651656
10-11-2022 05:00,2627.635,0.23590907
10-11-2022 06:00,3595.384,0.322793576
10-11-2022 07:00,3860.178,0.346566781
10-11-2022 08:00,3685.935,0.330923244
10-11-2022 09:00,3374.756,0.302985594
10-11-2022 10:00,3205.687,0.287806579
10-11-2022 11:00,3041.291,0.273047106
10-11-2022 12:00,2766.74,0.248397917
10-11-2022 13:00,2563.84,0.230181555
10-11-2022 14:00,2382.688,0.213917729
10-11-2022 15:00,2286.154,0.205250906
10-11-2022 16:00,2360.488,0.211924613
10-11-2022 17:00,2583.2,0.231919696
10-11-2022 18:00,2836.913,0.254698049
10-11-2022 19:00,2852.14,0.256065129
10-11-2022 20:00,2826.649,0.253776547
10-11-2022 21:00,2665.6,0.239317568
10-11-2022 22:00,2420.631,0.217324251
10-11-2022 23:00,2204.06,0.197880507
11-11-2022 00:00,2145.091,0.19258627
11-11-2022 01:00,2125.553,0.190832148
11-11-2022 02:00,2158.852,0.193821733
11-11-2022 03:00,2178.676,0.195601531
11-11-2022 04:00,2273.737,0.204136108
11-11-2022 05:00,2679.582,0.240572872
11-11-2022 06:00,3393.642,0.304681179
11-11-2022 07:00,3318.398,0.297925772
11-11-2022 08:00,3271.9,0.293751182
11-11-2022 09:00,3059.135,0.27464914
11-11-2022 10:00,2714.852,0.243739413
11-11-2022 11:00,2436.393,0.218739364
11-11-2022 12:00,2245.749,0.201623345
11-11-2022 13:00,2011.687,0.180609259
11-11-2022 14:00,1809.991,0.162500992
11-11-2022 15:00,1697.345,0.152387634
11-11-2022 16:00,1750.116,0.157125414
11-11-2022 17:00,2010.632,0.180514541
11-11-2022 18:00,2301.895,0.206664133
11-11-2022 19:00,2310.474,0.207434356
11-11-2022 20:00,2221.045,0.19940542
11-11-2022 21:00,2085.899,0.187272012
11-11-2022 22:00,1892.871,0.169941958
11-11-2022 23:00,1782.133,0.159999901
12-11-2022 00:00,1734.593,0.15573176
12-11-2022 01:00,1695.896,0.152257543
12-11-2022 02:00,1685.023,0.151281365
12-11-2022 03:00,1710.572,0.153575154
12-11-2022 04:00,1794.918,0.161147738
12-11-2022 05:00,2031.075,0.182349914
12-11-2022 06:00,2564.327,0.230225278
12-11-2022 07:00,2637.335,0.236779936
12-11-2022 08:00,2672.495,0.239936601
12-11-2022 09:00,2504.241,0.224830757
12-11-2022 10:00,2254.9,0.202444922
12-11-2022 11:00,2062.445,0.185166312
12-11-2022 12:00,1889.256,0.169617404
12-11-2022 13:00,1725.895,0.154950853
12-11-2022 14:00,1561.211,0.140165524
12-11-2022 15:00,1485.651,0.133381747
12-11-2022 16:00,1526.798,0.137075924
12-11-2022 17:00,1706.543,0.153213431
12-11-2022 18:00,1986.872,0.178381368
12-11-2022 19:00,2063.913,0.185298109
12-11-2022 20:00,2029.402,0.182199712
12-11-2022 21:00,1942.521,0.174399535
12-11-2022 22:00,1819.345,0.163340794
12-11-2022 23:00,1678.676,0.150711531
13-11-2022 00:00,1651.37,0.148259999
13-11-2022 01:00,1669.791,0.149913836
13-11-2022 02:00,1698.879,0.152525357
13-11-2022 03:00,1747.295,0.156872145
13-11-2022 04:00,1861.103,0.167089827
13-11-2022 05:00,2106.145,0.189089698
13-11-2022 06:00,2680.348,0.240641643
13-11-2022 07:00,2650.141,0.237929659
13-11-2022 08:00,2714.86,0.243740131
13-11-2022 09:00,2584.413,0.232028599
13-11-2022 10:00,2349.158,0.210907405
13-11-2022 11:00,2099.176,0.188464021
13-11-2022 12:00,1933.271,0.17356907
13-11-2022 13:00,1710.717,0.153588172
13-11-2022 14:00,1538.442,0.138121323
13-11-2022 15:00,1466.615,0.131672695
13-11-2022 16:00,1536.53,0.137949663
13-11-2022 17:00,1815.378,0.162984637
13-11-2022 18:00,2180.644,0.195778218
13-11-2022 19:00,2218.682,0.19919327
13-11-2022 20:00,2161.451,0.194055071
13-11-2022 21:00,1984.71,0.178187264
13-11-2022 22:00,1806.899,0.162223392
13-11-2022 23:00,1707.108,0.153264156
14-11-2022 00:00,1641.564,0.147379616
14-11-2022 01:00,1673.199,0.150219806
14-11-2022 02:00,1683.96,0.151185929
14-11-2022 03:00,1753.188,0.157401219
14-11-2022 04:00,1951.515,0.175207017
14-11-2022 05:00,2366.297,0.212446145
14-11-2022 06:00,3215.88,0.288721706
14-11-2022 07:00,3471.462,0.311667858
14-11-2022 08:00,3273.962,0.293936308
14-11-2022 09:00,3019.351,0.271077333
14-11-2022 10:00,2898.295,0.260208925
14-11-2022 11:00,2833.227,0.25436712
14-11-2022 12:00,2731.39,0.245224194
14-11-2022 13:00,2658.513,0.238681297
14-11-2022 14:00,2466.77,0.221466611
14-11-2022 15:00,2421.678,0.217418251
14-11-2022 16:00,2510.069,0.225353995
14-11-2022 17:00,2711.706,0.243456965
14-11-2022 18:00,2880.767,0.258635261
14-11-2022 19:00,2928.247,0.262898016
14-11-2022 20:00,2824.626,0.253594922
14-11-2022 21:00,2570.492,0.230778772
14-11-2022 22:00,2329.977,0.209185335
14-11-2022 23:00,2140.123,0.192140243
15-11-2022 00:00,2018.386,0.181210695
15-11-2022 01:00,2039.734,0.183127319
15-11-2022 02:00,2016.94,0.181080873
15-11-2022 03:00,2048.946,0.183954372
15-11-2022 04:00,2202.738,0.197761818
15-11-2022 05:00,2617.039,0.234957761
15-11-2022 06:00,3520.772,0.31609491
15-11-2022 07:00,3669.246,0.329424906
15-11-2022 08:00,3409.359,0.306092251
15-11-2022 09:00,3162.421,0.283922157
15-11-2022 10:00,2985.894,0.268073563
15-11-2022 11:00,2846.844,0.255589654
15-11-2022 12:00,2636.924,0.236743037
15-11-2022 13:00,2519.934,0.226239675
15-11-2022 14:00,2436.399,0.218739902
15-11-2022 15:00,2406.601,0.216064638
15-11-2022 16:00,2552.726,0.22918374
15-11-2022 17:00,2687.596,0.241292369
15-11-2022 18:00,2882.118,0.258756554
15-11-2022 19:00,2890.74,0.259530637
15-11-2022 20:00,2869.58,0.257630892
15-11-2022 21:00,2688.4,0.241364552
15-11-2022 22:00,2404.121,0.215841983
15-11-2022 23:00,2229.578,0.200171513
16-11-2022 00:00,2092.719,0.187884312
16-11-2022 01:00,2098.132,0.188370291
16-11-2022 02:00,2096.691,0.188240918
16-11-2022 03:00,2081.005,0.186832629
16-11-2022 04:00,2255.687,0.202515579
16-11-2022 05:00,2724.971,0.244647896
16-11-2022 06:00,3690.265,0.331311992
16-11-2022 07:00,3851.663,0.345802304
16-11-2022 08:00,3712.846,0.333339314
16-11-2022 09:00,3321.045,0.29816342
16-11-2022 10:00,2992.437,0.268660994
16-11-2022 11:00,2764.315,0.248180201
16-11-2022 12:00,2479.076,0.222571443
16-11-2022 13:00,2302.908,0.20675508
16-11-2022 14:00,2192.24,0.196819307
16-11-2022 15:00,2098.231,0.188379179
16-11-2022 16:00,2191.238,0.196729348
16-11-2022 17:00,2418.163,0.217102674
16-11-2022 18:00,2643.927,0.237371766
16-11-2022 19:00,2702.255,0.242608454
16-11-2022 20:00,2596.275,0.23309357
16-11-2022 21:00,2441.068,0.219159085
16-11-2022 22:00,2186.706,0.196322465
16-11-2022 23:00,2003.955,0.17991508
17-11-2022 00:00,1887.391,0.169449964
17-11-2022 01:00,1842.684,0.16543617
17-11-2022 02:00,1830.502,0.16434247
17-11-2022 03:00,1887.926,0.169497996
17-11-2022 04:00,1965.63,0.176474261
17-11-2022 05:00,2345.954,0.21061975
17-11-2022 06:00,3215.923,0.288725567
17-11-2022 07:00,3348.577,0.300635243
17-11-2022 08:00,3191.903,0.286569051
17-11-2022 09:00,2932.021,0.263236845
17-11-2022 10:00,2676.781,0.240321398
17-11-2022 11:00,2566.46,0.230416779
17-11-2022 12:00,2385.961,0.214211579
17-11-2022 13:00,2309.957,0.207387939
17-11-2022 14:00,2203.751,0.197852765
17-11-2022 15:00,2143.774,0.19246803
17-11-2022 16:00,2346.764,0.210692472
17-11-2022 17:00,2559.011,0.229748008
17-11-2022 18:00,2805.173,0.251848432
17-11-2022 19:00,2823.082,0.253456302
17-11-2022 20:00,2798.572,0.251255794
17-11-2022 21:00,2595.765,0.233047782
17-11-2022 22:00,2399.436,0.215421364
17-11-2022 23:00,2172.341,0.195032775
18-11-2022 00:00,2108.29,0.189282276
18-11-2022 01:00,2065.983,0.185483954
18-11-2022 02:00,2113.135,0.18971726
18-11-2022 03:00,2181.758,0.195878233
18-11-2022 04:00,2349.568,0.210944215
18-11-2022 05:00,2797.208,0.251133334
18-11-2022 06:00,3862.883,0.346809636
18-11-2022 07:00,4097.876,0.367907307
18-11-2022 08:00,3958.51,0.355395028
18-11-2022 09:00,3688.579,0.331160623
18-11-2022 10:00,3546.615,0.318415095
18-11-2022 11:00,3307.562,0.296952916
18-11-2022 12:00,3144.001,0.28226841
18-11-2022 13:00,3068.617,0.275500434
18-11-2022 14:00,3015.998,0.2707763
18-11-2022 15:00,3022.226,0.27133545
18-11-2022 16:00,3137.738,0.281706118
18-11-2022 17:00,3393.681,0.30468468
18-11-2022 18:00,3550.487,0.318762723
18-11-2022 19:00,3461.087,0.310736391
18-11-2022 20:00,3374.199,0.302935586
18-11-2022 21:00,3137.774,0.28170935
18-11-2022 22:00,2882.083,0.258753412
18-11-2022 23:00,2567.228,0.23048573
19-11-2022 00:00,2474.677,0.222176501
19-11-2022 01:00,2460.604,0.220913027
19-11-2022 02:00,2490.397,0.223587843
19-11-2022 03:00,2469.372,0.221700218
19-11-2022 04:00,2619.725,0.235198911
19-11-2022 05:00,2950.546,0.26490002
19-11-2022 06:00,3686.45,0.330969481
19-11-2022 07:00,3734.431,0.335277215
19-11-2022 08:00,3840.929,0.344838606
19-11-2022 09:00,3741.595,0.335920399
19-11-2022 10:00,3513.761,0.315465463
19-11-2022 11:00,3356.74,0.301368117
19-11-2022 12:00,3324.643,0.298486449
19-11-2022 13:00,3090.063,0.277425856
19-11-2022 14:00,2913.747,0.261596206
19-11-2022 15:00,2889.684,0.25943583
19-11-2022 16:00,3048.956,0.27373527
19-11-2022 17:00,3406.976,0.305878305
19-11-2022 18:00,3665.611,0.329098556
19-11-2022 19:00,3736.927,0.335501306
19-11-2022 20:00,3671.416,0.329619728
19-11-2022 21:00,3474.956,0.31198155
19-11-2022 22:00,3248.389,0.291640364
19-11-2022 23:00,2934.652,0.263473057
20-11-2022 00:00,2841.012,0.255066057
20-11-2022 01:00,2838.747,0.254862706
20-11-2022 02:00,2901.873,0.260530158
20-11-2022 03:00,2962.206,0.265946855
20-11-2022 04:00,3071.556,0.275764298
20-11-2022 05:00,3449.776,0.309720889
20-11-2022 06:00,4243.249,0.380958895
20-11-2022 07:00,4358.854,0.391337912
20-11-2022 08:00,4420.535,0.396875632
20-11-2022 09:00,4206.527,0.377661994
20-11-2022 10:00,3938.352,0.353585243
20-11-2022 11:00,3653.132,0.327978191
20-11-2022 12:00,3334.572,0.299377874
20-11-2022 13:00,2988.196,0.268280237
20-11-2022 14:00,2931.132,0.263157031
20-11-2022 15:00,2973.014,0.266917197
20-11-2022 16:00,3183.384,0.285804216
20-11-2022 17:00,3409.142,0.306072769
20-11-2022 18:00,3650.198,0.327714776
20-11-2022 19:00,3623.945,0.325357782
20-11-2022 20:00,3468.141,0.311369699
20-11-2022 21:00,3258.374,0.292536818
20-11-2022 22:00,2992.598,0.268675448
20-11-2022 23:00,2621.049,0.235317779
21-11-2022 00:00,2594.919,0.232971828
21-11-2022 01:00,2634.726,0.2365457
21-11-2022 02:00,2654.192,0.238293358
21-11-2022 03:00,2734.125,0.245469743
21-11-2022 04:00,2973.06,0.266921327
21-11-2022 05:00,3575.171,0.320978852
21-11-2022 06:00,4726.936,0.424384314
21-11-2022 07:00,4795.603,0.430549237
21-11-2022 08:00,4666.725,0.418978571
21-11-2022 09:00,4482.015,0.402395307
21-11-2022 10:00,4304.952,0.386498591
21-11-2022 11:00,4105.061,0.368552377
21-11-2022 12:00,3984.077,0.357690433
21-11-2022 13:00,3880.197,0.348364087
21-11-2022 14:00,3767.008,0.338201978
21-11-2022 15:00,3794.091,0.34063349
21-11-2022 16:00,4075.177,0.365869391
21-11-2022 17:00,4220.085,0.378879231
21-11-2022 18:00,4388.976,0.394042265
21-11-2022 19:00,4342.143,0.389837599
21-11-2022 20:00,4193.509,0.376493238
21-11-2022 21:00,3935.973,0.353371656
21-11-2022 22:00,3579.684,0.32138403
21-11-2022 23:00,3198.451,0.287156931
22-11-2022 00:00,3111.79,0.279376506
22-11-2022 01:00,3128.141,0.280844499
22-11-2022 02:00,3171.736,0.284758458
22-11-2022 03:00,3239.336,0.290827586
22-11-2022 04:00,3500.884,0.314309366
22-11-2022 05:00,4102.339,0.368307995
22-11-2022 06:00,5428.841,0.487401345
22-11-2022 07:00,5516.169,0.495241653
22-11-2022 08:00,5319.712,0.477603743
22-11-2022 09:00,4991.856,0.448168832
22-11-2022 10:00,4776.993,0.428878432
22-11-2022 11:00,4604.2,0.413365076
22-11-2022 12:00,4411.22,0.396039332
22-11-2022 13:00,4272.035,0.383543302
22-11-2022 14:00,4177.83,0.375085577
22-11-2022 15:00,4170.248,0.374404865
22-11-2022 16:00,4340.426,0.389683446
22-11-2022 17:00,4483.434,0.402522705
22-11-2022 18:00,4529.614,0.406668745
22-11-2022 19:00,4413.061,0.396204617
22-11-2022 20:00,4126.91,0.37051398
22-11-2022 21:00,3854.437,0.346051354
22-11-2022 22:00,3483.418,0.312741268
22-11-2022 23:00,3029.543,0.271992371
23-11-2022 00:00,2860.952,0.256856271
23-11-2022 01:00,2823.24,0.253470487
23-11-2022 02:00,2754.463,0.247295688
23-11-2022 03:00,2806.266,0.251946561
23-11-2022 04:00,3004.895,0.269779473
23-11-2022 05:00,3569.625,0.320480933
23-11-2022 06:00,4746.629,0.426152352
23-11-2022 07:00,4697.368,0.421729699
23-11-2022 08:00,4469.978,0.401314625
23-11-2022 09:00,4190.883,0.376257476
23-11-2022 10:00,3934.242,0.353216247
23-11-2022 11:00,3717.04,0.333715851
23-11-2022 12:00,3562.832,0.319871057
23-11-2022 13:00,3371.105,0.302657807
23-11-2022 14:00,3214.54,0.288601401
23-11-2022 15:00,3110.467,0.279257727
23-11-2022 16:00,3303.663,0.296602864
23-11-2022 17:00,3663.419,0.328901758
23-11-2022 18:00,3936.882,0.353453266
23-11-2022 19:00,3952.893,0.354890734
23-11-2022 20:00,3799.871,0.341152418
23-11-2022 21:00,3533.481,0.317235924
23-11-2022 22:00,3216.548,0.288781679
23-11-2022 23:00,2913.481,0.261572324
24-11-2022 00:00,2828.494,0.253942191
24-11-2022 01:00,2808.832,0.252176937
24-11-2022 02:00,2869.392,0.257614014
24-11-2022 03:00,2975.988,0.267184203
24-11-2022 04:00,3186.701,0.286102016
24-11-2022 05:00,3852.55,0.345881939
24-11-2022 06:00,5327.816,0.47833132
24-11-2022 07:00,5539.599,0.497345198
24-11-2022 08:00,5260.337,0.472273056
24-11-2022 09:00,4893.402,0.439329632
24-11-2022 10:00,4489.295,0.403048905
24-11-2022 11:00,4303.072,0.386329804
24-11-2022 12:00,3970.78,0.356496628
24-11-2022 13:00,3712.461,0.333304749
24-11-2022 14:00,3624.641,0.325420269
24-11-2022 15:00,3610.078,0.324112803
24-11-2022 16:00,3793.445,0.340575492
24-11-2022 17:00,4033.122,0.362093693
24-11-2022 18:00,4103.239,0.368388797
24-11-2022 19:00,4043.809,0.363053172
24-11-2022 20:00,3864.318,0.34693847
24-11-2022 21:00,3575.759,0.321031643
24-11-2022 22:00,3251.811,0.291947592
24-11-2022 23:00,2950.567,0.264901905
25-11-2022 00:00,2837.752,0.254773375
25-11-2022 01:00,2779.796,0.249570085
25-11-2022 02:00,2834.009,0.254437328
25-11-2022 03:00,2861.794,0.256931865
25-11-2022 04:00,3079.24,0.276454167
25-11-2022 05:00,3668.55,0.329362419
25-11-2022 06:00,5026.419,0.451271898
25-11-2022 07:00,5093.505,0.457294879
25-11-2022 08:00,4796.861,0.430662181
25-11-2022 09:00,4601.916,0.413160018
25-11-2022 10:00,4446.054,0.399166728
25-11-2022 11:00,4236.063,0.380313736
25-11-2022 12:00,4012.804,0.360269543
25-11-2022 13:00,3835.295,0.344332785
25-11-2022 14:00,3658.864,0.32849281
25-11-2022 15:00,3552.017,0.318900086
25-11-2022 16:00,3723.153,0.334264676
25-11-2022 17:00,4019.528,0.360873224
25-11-2022 18:00,4177.022,0.375013035
25-11-2022 19:00,4172.016,0.374563596
25-11-2022 20:00,3992.038,0.358405172
25-11-2022 21:00,3829.441,0.343807213
25-11-2022 22:00,3527.501,0.31669904
25-11-2022 23:00,3161.741,0.283861107
26-11-2022 00:00,3096.854,0.278035552
26-11-2022 01:00,3106.627,0.278912972
26-11-2022 02:00,3198.354,0.287148222
26-11-2022 03:00,3243.989,0.291245332
26-11-2022 04:00,3398.903,0.305153511
26-11-2022 05:00,3812.684,0.34230277
26-11-2022 06:00,4806.319,0.43151132
26-11-2022 07:00,4876.879,0.437846197
26-11-2022 08:00,4967.368,0.445970299
26-11-2022 09:00,4810.927,0.431925026
26-11-2022 10:00,4431.998,0.39790478
26-11-2022 11:00,4109.32,0.36893475
26-11-2022 12:00,3801.51,0.341299568
26-11-2022 13:00,3473.001,0.31180603
26-11-2022 14:00,3203.814,0.287638421
26-11-2022 15:00,3135.042,0.281464071
26-11-2022 16:00,3396.217,0.304912362
26-11-2022 17:00,3751.629,0.336821252
26-11-2022 18:00,3978.507,0.357190358
26-11-2022 19:00,4063.162,0.364790684
26-11-2022 20:00,3967.333,0.356187157
26-11-2022 21:00,3836.776,0.344465749
26-11-2022 22:00,3589.588,0.322273211
26-11-2022 23:00,3239.773,0.29086682
27-11-2022 00:00,3160.018,0.283706416
27-11-2022 01:00,3170.587,0.284655301
27-11-2022 02:00,3232.584,0.290221392
27-11-2022 03:00,3300.305,0.296301383
27-11-2022 04:00,3476.164,0.312090004
27-11-2022 05:00,3911.025,0.351131825
27-11-2022 06:00,4856.679,0.436032641
27-11-2022 07:00,4997.101,0.448639728
27-11-2022 08:00,5081.122,0.456183133
27-11-2022 09:00,4831.099,0.433736068
27-11-2022 10:00,4445.624,0.399128123
27-11-2022 11:00,4033.807,0.362155192
27-11-2022 12:00,3736.413,0.335455159
27-11-2022 13:00,3473.678,0.311866811
27-11-2022 14:00,3253.975,0.292141876
27-11-2022 15:00,3226.75,0.289697615
27-11-2022 16:00,3509.194,0.315055437
27-11-2022 17:00,3871.344,0.347569264
27-11-2022 18:00,4066.624,0.365101503
27-11-2022 19:00,4007.95,0.359833751
27-11-2022 20:00,3748.598,0.336549128
27-11-2022 21:00,3519.793,0.316007016
27-11-2022 22:00,3150.923,0.282889867
27-11-2022 23:00,2749.259,0.246828473
28-11-2022 00:00,2689.541,0.241466991
28-11-2022 01:00,2689.572,0.241469774
28-11-2022 02:00,2749.522,0.246852085
28-11-2022 03:00,2819.187,0.253106609
28-11-2022 04:00,3114.964,0.279661468
28-11-2022 05:00,3784.977,0.339815235
28-11-2022 06:00,5105.867,0.458404739
28-11-2022 07:00,5217.842,0.468457855
28-11-2022 08:00,5035.248,0.452064565
28-11-2022 09:00,4827.726,0.43343324
28-11-2022 10:00,4610.509,0.413931498
28-11-2022 11:00,4462.893,0.400678534
28-11-2022 12:00,4186.466,0.375860917
28-11-2022 13:00,3925.217,0.352405982
28-11-2022 14:00,3817.244,0.342712166
28-11-2022 15:00,3834.227,0.3442369
28-11-2022 16:00,4097.317,0.36785712
28-11-2022 17:00,4416.884,0.396547846
28-11-2022 18:00,4527.222,0.406453991
28-11-2022 19:00,4496.069,0.403657075
28-11-2022 20:00,4270.67,0.383420753
28-11-2022 21:00,3994.46,0.358622619
28-11-2022 22:00,3657.567,0.328376365
28-11-2022 23:00,3287.516,0.295153186
29-11-2022 00:00,3144.667,0.282328203
29-11-2022 01:00,3148.47,0.282669637
29-11-2022 02:00,3197.122,0.287037613
29-11-2022 03:00,3237.122,0.290628813
29-11-2022 04:00,3462.325,0.310847539
29-11-2022 05:00,4092.284,0.367405258
29-11-2022 06:00,5526.326,0.496153548
29-11-2022 07:00,5701.742,0.511902397
29-11-2022 08:00,5362.823,0.481474249
29-11-2022 09:00,5039.956,0.45248725
29-11-2022 10:00,4727.149,0.424403437
29-11-2022 11:00,4595.35,0.412570523
29-11-2022 12:00,4218.083,0.378699492
29-11-2022 13:00,3979.876,0.357313267
29-11-2022 14:00,3856.324,0.346220769
29-11-2022 15:00,3856.45,0.346232081
29-11-2022 16:00,4165.563,0.373984246
29-11-2022 17:00,4639.26,0.416512763
29-11-2022 18:00,4833.07,0.433913025
29-11-2022 19:00,4811.648,0.431989757
29-11-2022 20:00,4689.414,0.421015589
29-11-2022 21:00,4425.724,0.397341501
29-11-2022 22:00,4001.734,0.359275679
29-11-2022 23:00,3616.372,0.324677878
30-11-2022 00:00,3563.972,0.319973406
30-11-2022 01:00,3626.213,0.325561403
30-11-2022 02:00,3685.872,0.330917588
30-11-2022 03:00,3821.051,0.343053959
30-11-2022 04:00,4086.876,0.366919727
30-11-2022 05:00,4826.66,0.433337535
30-11-2022 06:00,6352.262,0.570306082
30-11-2022 07:00,6627.505,0.595017399
30-11-2022 08:00,6488.35,0.582524063
30-11-2022 09:00,6168.226,0.55378333
30-11-2022 10:00,5927.427,0.532164396
30-11-2022 11:00,5729.081,0.514356892
30-11-2022 12:00,5353.363,0.48062493
30-11-2022 13:00,5054.616,0.453803424
30-11-2022 14:00,4782.374,0.429361538
30-11-2022 15:00,4676.147,0.419824478
30-11-2022 16:00,4939.589,0.4434763
30-11-2022 17:00,5336.596,0.479119589
30-11-2022 18:00,5652.704,0.507499765
30-11-2022 19:00,5591.175,0.501975692
30-11-2022 20:00,5344.895,0.479864673
30-11-2022 21:00,5074.777,0.455613479
30-11-2022 22:00,4645.772,0.41709741
30-11-2022 23:00,4105.948,0.368632011
01-12-2022 00:00,4034.576,0.362224233
01-12-2022 01:00,4065.496,0.365000231
01-12-2022 02:00,4098.47,0.367960637
01-12-2022 03:00,4216.695,0.378574877
01-12-2022 04:00,4521.987,0.405983993
01-12-2022 05:00,5258.883,0.472142516
01-12-2022 06:00,6863.392,0.616195334
01-12-2022 07:00,7179.246,0.644552706
01-12-2022 08:00,6960.589,0.62492168
01-12-2022 09:00,6613.053,0.593719898
01-12-2022 10:00,6260.095,0.562031329
01-12-2022 11:00,6096.925,0.547381927
01-12-2022 12:00,5734.88,0.514877526
01-12-2022 13:00,5484.006,0.492354059
01-12-2022 14:00,5405.728,0.48532626
01-12-2022 15:00,5348.068,0.480149545
01-12-2022 16:00,5580.338,0.501002746
01-12-2022 17:00,5845.199,0.524781966
01-12-2022 18:00,5874.795,0.527439095
01-12-2022 19:00,5772.324,0.518239249
01-12-2022 20:00,5522.758,0.495833213
01-12-2022 21:00,5228.57,0.469421015
01-12-2022 22:00,4657.393,0.418140744
01-12-2022 23:00,4062.748,0.364753515
02-12-2022 00:00,3956.44,0.355209183
02-12-2022 01:00,3934.833,0.353269307
02-12-2022 02:00,3984.295,0.357710005
02-12-2022 03:00,4130.571,0.370842664
02-12-2022 04:00,4412.095,0.396117889
02-12-2022 05:00,5165.547,0.46376281
02-12-2022 06:00,6732.108,0.604408656
02-12-2022 07:00,7022.156,0.630449166
02-12-2022 08:00,6763.439,0.607221553
02-12-2022 09:00,6433.467,0.577596667
02-12-2022 10:00,6211.229,0.55764414
02-12-2022 11:00,5981.336,0.537004346
02-12-2022 12:00,5650.517,0.507303416
02-12-2022 13:00,5433.534,0.487822683
02-12-2022 14:00,5244.673,0.470866742
02-12-2022 15:00,5221.742,0.468807997
02-12-2022 16:00,5450.351,0.489332513
02-12-2022 17:00,5684.895,0.510389873
02-12-2022 18:00,5679.405,0.509896981
02-12-2022 19:00,5585.224,0.501441411
02-12-2022 20:00,5323.666,0.477958733
02-12-2022 21:00,5067.568,0.454966255
02-12-2022 22:00,4607.52,0.413663146
02-12-2022 23:00,4096.239,0.367760337
03-12-2022 00:00,3977.695,0.357117457
03-12-2022 01:00,3966.323,0.356096479
03-12-2022 02:00,4000.693,0.359182218
03-12-2022 03:00,4070.342,0.365435305
03-12-2022 04:00,4232.677,0.380009741
03-12-2022 05:00,4706.035,0.422507822
03-12-2022 06:00,5745.019,0.515787806
03-12-2022 07:00,5770.298,0.518057354
03-12-2022 08:00,5790.526,0.519873424
03-12-2022 09:00,5665.568,0.508654695
03-12-2022 10:00,5420.597,0.486661199
03-12-2022 11:00,5136.343,0.461140875
03-12-2022 12:00,4948.417,0.444268878
03-12-2022 13:00,4656.295,0.418042165
03-12-2022 14:00,4496.432,0.403689665
03-12-2022 15:00,4517.082,0.405543622
03-12-2022 16:00,4720.014,0.423762857
03-12-2022 17:00,4927.783,0.442416358
03-12-2022 18:00,5031.882,0.451762366
03-12-2022 19:00,4979.261,0.447038053
03-12-2022 20:00,4784.983,0.429595774
03-12-2022 21:00,4597.916,0.412800898
03-12-2022 22:00,4251.053,0.381659538
03-12-2022 23:00,3778.236,0.339210028
04-12-2022 00:00,3663.93,0.328947635
04-12-2022 01:00,3677.336,0.330151226
04-12-2022 02:00,3808.668,0.341942213
04-12-2022 03:00,3905.827,0.350665148
04-12-2022 04:00,4081.525,0.366439315
04-12-2022 05:00,4572.455,0.41051501
04-12-2022 06:00,5569.349,0.500016153
04-12-2022 07:00,5734.387,0.514833265
04-12-2022 08:00,5844.876,0.524752967
04-12-2022 09:00,5758.41,0.51699005
04-12-2022 10:00,5408.692,0.485592368
04-12-2022 11:00,4943.547,0.44383165
04-12-2022 12:00,4553.163,0.408782974
04-12-2022 13:00,4165.481,0.373976884
04-12-2022 14:00,3950.547,0.35468011
04-12-2022 15:00,3966.032,0.356070353
04-12-2022 16:00,4252.763,0.381813062
04-12-2022 17:00,4768.891,0.428151034
04-12-2022 18:00,5208.98,0.467662224
04-12-2022 19:00,5239.436,0.470396564
04-12-2022 20:00,5118.151,0.459507597
04-12-2022 21:00,4947.136,0.44415387
04-12-2022 22:00,4549.186,0.408425919
04-12-2022 23:00,4071.017,0.365495906
05-12-2022 00:00,4095.456,0.36769004
05-12-2022 01:00,4223.387,0.379175685
05-12-2022 02:00,4369.567,0.392299725
05-12-2022 03:00,4573.657,0.410622925
05-12-2022 04:00,4975.7,0.446718346
05-12-2022 05:00,5736.267,0.515002051
05-12-2022 06:00,7371.187,0.661785169
05-12-2022 07:00,7816.739,0.701786827
05-12-2022 08:00,7738.225,0.694737841
05-12-2022 09:00,7355.15,0.660345367
05-12-2022 10:00,6831.647,0.613345268
05-12-2022 11:00,6268.867,0.562818879
05-12-2022 12:00,5559.165,0.499101834
05-12-2022 13:00,5164.919,0.463706428
05-12-2022 14:00,4864.492,0.436734092
05-12-2022 15:00,4713.748,0.423200295
05-12-2022 16:00,5135.342,0.461051005
05-12-2022 17:00,5631.974,0.505638626
05-12-2022 18:00,5824.253,0.522901434
05-12-2022 19:00,5764.852,0.517568413
05-12-2022 20:00,5476.394,0.491670653
05-12-2022 21:00,5199.973,0.466853576
05-12-2022 22:00,4639.948,0.416574531
05-12-2022 23:00,4095.373,0.367682588
06-12-2022 00:00,4018.253,0.360758754
06-12-2022 01:00,4062.414,0.364723529
06-12-2022 02:00,4158.193,0.373322568
06-12-2022 03:00,4266.818,0.38307492
06-12-2022 04:00,4570.681,0.41035574
06-12-2022 05:00,5287.571,0.474718124
06-12-2022 06:00,6744.933,0.605560085
06-12-2022 07:00,7007.372,0.629121858
06-12-2022 08:00,6746.077,0.605662793
06-12-2022 09:00,6358.593,0.57087448
06-12-2022 10:00,5910.791,0.530670816
06-12-2022 11:00,5566.767,0.499784341
06-12-2022 12:00,5058.776,0.454176909
06-12-2022 13:00,4890.228,0.43904467
06-12-2022 14:00,4629.456,0.41563256
06-12-2022 15:00,4600.047,0.41299222
06-12-2022 16:00,4921.273,0.44183189
06-12-2022 17:00,5226.322,0.469219189
06-12-2022 18:00,5323.062,0.477904506
06-12-2022 19:00,5288.244,0.474778546
06-12-2022 20:00,5074.558,0.455593817
06-12-2022 21:00,4834.765,0.434065202
06-12-2022 22:00,4354.967,0.390988937
06-12-2022 23:00,3883.344,0.348646624
07-12-2022 00:00,3782.61,0.339602726
07-12-2022 01:00,3809.313,0.342000121
07-12-2022 02:00,3911.67,0.351189733
07-12-2022 03:00,4018.265,0.360759832
07-12-2022 04:00,4362.705,0.391683655
07-12-2022 05:00,5097.619,0.457664234
07-12-2022 06:00,6636.88,0.595859086
07-12-2022 07:00,6897.592,0.61926581
07-12-2022 08:00,6681.518,0.599866686
07-12-2022 09:00,6312.424,0.566729427
07-12-2022 10:00,5884.413,0.528302599
07-12-2022 11:00,5536.087,0.497029891
07-12-2022 12:00,4998.619,0.448776014
07-12-2022 13:00,4683.087,0.420447551
07-12-2022 14:00,4498.291,0.403856566
07-12-2022 15:00,4426.052,0.397370949
07-12-2022 16:00,4707.688,0.422656229
07-12-2022 17:00,5226.715,0.469254473
07-12-2022 18:00,5477.904,0.491806221
07-12-2022 19:00,5469.907,0.49108825
07-12-2022 20:00,5293.866,0.475283289
07-12-2022 21:00,5020.183,0.45071203
07-12-2022 22:00,4585.996,0.411730721
07-12-2022 23:00,4105.19,0.368563958
08-12-2022 00:00,4012.09,0.36020544
08-12-2022 01:00,4038.709,0.362595294
08-12-2022 02:00,4112.689,0.369237218
08-12-2022 03:00,4215.397,0.378458343
08-12-2022 04:00,4473.1,0.401594918
08-12-2022 05:00,5212.877,0.468012097
08-12-2022 06:00,6839.508,0.614051028
08-12-2022 07:00,7118.077,0.639060953
08-12-2022 08:00,6836.8,0.613807904
08-12-2022 09:00,6496.241,0.583232517
08-12-2022 10:00,6260.857,0.562099741
08-12-2022 11:00,6083.261,0.546155173
08-12-2022 12:00,5793.689,0.520157398
08-12-2022 13:00,5618.032,0.504386913
08-12-2022 14:00,5482.294,0.492200355
08-12-2022 15:00,5434.924,0.487947477
08-12-2022 16:00,5604.425,0.503165277
08-12-2022 17:00,5765.835,0.517656666
08-12-2022 18:00,5742.844,0.515592534
08-12-2022 19:00,5584.679,0.501392481
08-12-2022 20:00,5325.57,0.478129675
08-12-2022 21:00,4938.044,0.44333759
08-12-2022 22:00,4397.997,0.394852171
08-12-2022 23:00,3866.215,0.347108783
09-12-2022 00:00,3732.393,0.335094244
09-12-2022 01:00,3719.091,0.33389999
09-12-2022 02:00,3771.242,0.338582107
09-12-2022 03:00,3887.697,0.349037437
09-12-2022 04:00,4163.892,0.373834224
09-12-2022 05:00,4894.135,0.43939544
09-12-2022 06:00,6412.967,0.575756177
09-12-2022 07:00,6593.764,0.591988132
09-12-2022 08:00,6349.75,0.570080555
09-12-2022 09:00,6064.234,0.544446929
09-12-2022 10:00,5804.582,0.521135372
09-12-2022 11:00,5578.934,0.500876695
09-12-2022 12:00,5230.215,0.469568703
09-12-2022 13:00,4949.045,0.44432526
09-12-2022 14:00,4716.34,0.423433005
09-12-2022 15:00,4641.181,0.41668523
09-12-2022 16:00,4835.087,0.434094111
09-12-2022 17:00,5139.96,0.461465609
09-12-2022 18:00,5189.394,0.465903793
09-12-2022 19:00,5171.142,0.464265129
09-12-2022 20:00,4994.382,0.448395616
09-12-2022 21:00,4781.812,0.429311081
09-12-2022 22:00,4376.327,0.392906638
09-12-2022 23:00,3967.736,0.356223338
10-12-2022 00:00,3895.199,0.349710966
10-12-2022 01:00,3941.774,0.35389247
10-12-2022 02:00,4028.054,0.361638688
10-12-2022 03:00,4173.333,0.374681837
10-12-2022 04:00,4435.156,0.398188306
10-12-2022 05:00,4955.877,0.444938637
10-12-2022 06:00,6097.428,0.547427086
10-12-2022 07:00,6341.522,0.569341845
10-12-2022 08:00,6654.464,0.597437778
10-12-2022 09:00,6664.689,0.598355778
10-12-2022 10:00,6430.689,0.577347258
10-12-2022 11:00,6103.792,0.547998446
10-12-2022 12:00,5841.412,0.524441969
10-12-2022 13:00,5522.143,0.495777999
10-12-2022 14:00,5352.864,0.48058013
10-12-2022 15:00,5337.969,0.479242857
10-12-2022 16:00,5563.434,0.499485105
10-12-2022 17:00,6057.598,0.543851148
10-12-2022 18:00,6398.771,0.57448166
10-12-2022 19:00,6386.492,0.573379252
10-12-2022 20:00,6204.886,0.557074665
10-12-2022 21:00,6057.31,0.543825292
10-12-2022 22:00,5687.471,0.510621146
10-12-2022 23:00,5111.454,0.45890634
11-12-2022 00:00,5061.754,0.454444274
11-12-2022 01:00,5207.605,0.467538777
11-12-2022 02:00,5374.914,0.482559779
11-12-2022 03:00,5543.861,0.497727841
11-12-2022 04:00,5787.28,0.519581998
11-12-2022 05:00,6260.277,0.562047669
11-12-2022 06:00,7233.475,0.649421386
11-12-2022 07:00,7424.212,0.666545753
11-12-2022 08:00,7538.467,0.676803567
11-12-2022 09:00,7538.51,0.676807428
11-12-2022 10:00,7334.917,0.658528848
11-12-2022 11:00,6890.76,0.618652433
11-12-2022 12:00,6343.883,0.569553816
11-12-2022 13:00,5872.071,0.527194534
11-12-2022 14:00,5609.757,0.503643983
11-12-2022 15:00,5564.072,0.499542384
11-12-2022 16:00,5890.508,0.528849808
11-12-2022 17:00,6350.483,0.570146364
11-12-2022 18:00,6624.013,0.594703887
11-12-2022 19:00,6513.112,0.584747195
11-12-2022 20:00,6311.158,0.566615765
11-12-2022 21:00,6080.712,0.545926323
11-12-2022 22:00,5576.614,0.500668405
11-12-2022 23:00,4911.999,0.44099927
12-12-2022 00:00,4966.736,0.445913558
12-12-2022 01:00,5120.77,0.459742731
12-12-2022 02:00,5291.039,0.475029481
12-12-2022 03:00,5585.838,0.501496536
12-12-2022 04:00,5982.602,0.537118008
12-12-2022 05:00,6711.994,0.602602821
12-12-2022 06:00,8213.257,0.737386213
12-12-2022 07:00,8583.98,0.770669724
12-12-2022 08:00,8516.198,0.764584256
12-12-2022 09:00,8122.789,0.729263996
12-12-2022 10:00,7743.005,0.695166989
12-12-2022 11:00,7648.648,0.686695617
12-12-2022 12:00,7419.42,0.666115528
12-12-2022 13:00,7313.792,0.656632246
12-12-2022 14:00,7184.666,0.645039313
12-12-2022 15:00,7006.234,0.629019689
12-12-2022 16:00,7093.191,0.636826688
12-12-2022 17:00,7128.198,0.639969616
12-12-2022 18:00,7117.852,0.639040753
12-12-2022 19:00,6850.589,0.61504588
12-12-2022 20:00,6474.268,0.581259781
12-12-2022 21:00,6043.489,0.542584442
12-12-2022 22:00,5364.553,0.481629568
12-12-2022 23:00,4673.924,0.419624897
13-12-2022 00:00,4518.615,0.405681255
13-12-2022 01:00,4500.994,0.404099241
13-12-2022 02:00,4544.092,0.40796858
13-12-2022 03:00,4639.249,0.416511775
13-12-2022 04:00,4845.264,0.435007802
13-12-2022 05:00,5514.232,0.495067749
13-12-2022 06:00,7060.02,0.633848596
13-12-2022 07:00,7340.378,0.659019137
13-12-2022 08:00,6954.947,0.624415142
13-12-2022 09:00,6581.355,0.590874052
13-12-2022 10:00,6245.088,0.560684001
13-12-2022 11:00,6080.4,0.545898312
13-12-2022 12:00,5743.158,0.515620725
13-12-2022 13:00,5573.368,0.500376979
13-12-2022 14:00,5395.513,0.484409157
13-12-2022 15:00,5173.739,0.464498287
13-12-2022 16:00,5351.806,0.480485143
13-12-2022 17:00,5575.791,0.500594516
13-12-2022 18:00,5653.98,0.507614324
13-12-2022 19:00,5465.084,0.490655242
13-12-2022 20:00,5175.737,0.464677668
13-12-2022 21:00,4790.127,0.430057602
13-12-2022 22:00,4314.838,0.387386156
13-12-2022 23:00,3844.874,0.345192788
14-12-2022 00:00,3793.47,0.340577737
14-12-2022 01:00,3665.259,0.329066953
14-12-2022 02:00,3700.148,0.332199287
14-12-2022 03:00,3688.026,0.331110974
14-12-2022 04:00,3827.963,0.343674518
14-12-2022 05:00,4492.931,0.403375345
14-12-2022 06:00,5966.242,0.535649207
14-12-2022 07:00,6126.317,0.55002074
14-12-2022 08:00,5853.031,0.525485123
14-12-2022 09:00,5484.146,0.492366628
14-12-2022 10:00,5050.048,0.453393309
14-12-2022 11:00,4728.025,0.424482085
14-12-2022 12:00,4278.156,0.384092846
14-12-2022 13:00,3929.761,0.352813943
14-12-2022 14:00,3707.988,0.332903163
14-12-2022 15:00,3516.895,0.315746833
14-12-2022 16:00,3713.636,0.33341024
14-12-2022 17:00,4235.619,0.380273874
14-12-2022 18:00,4524.531,0.406212393
14-12-2022 19:00,4523.877,0.406153677
14-12-2022 20:00,4152.506,0.372811989
14-12-2022 21:00,3928.815,0.352729011
14-12-2022 22:00,3667.802,0.329295264
14-12-2022 23:00,3346.388,0.300438715
15-12-2022 00:00,3171.946,0.284777312
15-12-2022 01:00,3152.701,0.283049496
15-12-2022 02:00,3192.402,0.286613852
15-12-2022 03:00,3241.318,0.29100553
15-12-2022 04:00,3444.765,0.309271002
15-12-2022 05:00,4103.364,0.36840002
15-12-2022 06:00,5537.116,0.497122274
15-12-2022 07:00,5656.779,0.507865619
15-12-2022 08:00,5376.001,0.48265737
15-12-2022 09:00,5140.884,0.461548566
15-12-2022 10:00,4936.042,0.443157851
15-12-2022 11:00,4759.037,0.427266342
15-12-2022 12:00,4438.17,0.398458903
15-12-2022 13:00,4176.165,0.374936094
15-12-2022 14:00,4004.763,0.359547622
15-12-2022 15:00,3868.973,0.347356396
15-12-2022 16:00,4124.796,0.370324185
15-12-2022 17:00,4464.846,0.400853874
15-12-2022 18:00,4611.727,0.41404085
15-12-2022 19:00,4582.87,0.411450069
15-12-2022 20:00,4411.565,0.396070306
15-12-2022 21:00,4153.342,0.372887045
15-12-2022 22:00,3810.704,0.342125005
15-12-2022 23:00,3426.602,0.307640328
16-12-2022 00:00,3300.317,0.29630246
16-12-2022 01:00,3293.447,0.295685672
16-12-2022 02:00,3377.249,0.303209415
16-12-2022 03:00,3496.772,0.31394019
16-12-2022 04:00,3717.681,0.3337734
16-12-2022 05:00,4392.628,0.394370142
16-12-2022 06:00,5876.161,0.527561735
16-12-2022 07:00,6083.341,0.546162355
16-12-2022 08:00,5810.91,0.5217035
16-12-2022 09:00,5635.597,0.505963899
16-12-2022 10:00,5422.809,0.486859792
16-12-2022 11:00,5203.883,0.467204616
16-12-2022 12:00,4924.22,0.442096472
16-12-2022 13:00,4692.19,0.421264818
16-12-2022 14:00,4616.386,0.414459135
16-12-2022 15:00,4525.514,0.406300647
16-12-2022 16:00,4799.957,0.430940139
16-12-2022 17:00,5125.458,0.460163619
16-12-2022 18:00,5208.542,0.467622901
16-12-2022 19:00,5165.338,0.463744046
16-12-2022 20:00,5064.47,0.454688117
16-12-2022 21:00,4890.899,0.439104912
16-12-2022 22:00,4519.811,0.405788632
16-12-2022 23:00,4056.388,0.364182515
17-12-2022 00:00,3981.266,0.357438061
17-12-2022 01:00,4025.737,0.361430668
17-12-2022 02:00,4133.036,0.371063972
17-12-2022 03:00,4256.817,0.38217703
17-12-2022 04:00,4529.045,0.40661766
17-12-2022 05:00,4993.788,0.448342287
17-12-2022 06:00,6059.845,0.544052884
17-12-2022 07:00,6103.547,0.54797645
17-12-2022 08:00,6191.895,0.555908333
17-12-2022 09:00,6091.212,0.546869013
17-12-2022 10:00,5742.391,0.515551864
17-12-2022 11:00,5406.003,0.485350949
17-12-2022 12:00,5040.583,0.452543542
17-12-2022 13:00,4690.69,0.421130148
17-12-2022 14:00,4369.911,0.39233061
17-12-2022 15:00,4222.843,0.379126845
17-12-2022 16:00,4426.909,0.39744789
17-12-2022 17:00,4904.04,0.440284711
17-12-2022 18:00,5201.799,0.467017514
17-12-2022 19:00,5219.814,0.468634901
17-12-2022 20:00,5023.499,0.45100974
17-12-2022 21:00,4820.957,0.432825519
17-12-2022 22:00,4477.399,0.401980882
17-12-2022 23:00,3912.332,0.351249167
18-12-2022 00:00,3837.184,0.34450238
18-12-2022 01:00,3847.7,0.345446506
18-12-2022 02:00,3932.901,0.353095852
18-12-2022 03:00,4074.361,0.365796131
18-12-2022 04:00,4286.734,0.384862979
18-12-2022 05:00,4724.254,0.424143524
18-12-2022 06:00,5730.213,0.514458523
18-12-2022 07:00,5863.643,0.526437869
18-12-2022 08:00,5956.515,0.534775917
18-12-2022 09:00,5767.465,0.517803008
18-12-2022 10:00,5334.43,0.478925125
18-12-2022 11:00,4756.314,0.427021871
18-12-2022 12:00,4272.411,0.38357706
18-12-2022 13:00,3900.204,0.350160315
18-12-2022 14:00,3653.568,0.328017335
18-12-2022 15:00,3604.537,0.323615332
18-12-2022 16:00,3706.965,0.332811318
18-12-2022 17:00,4067.416,0.365172608
18-12-2022 18:00,4163.53,0.373801723
18-12-2022 19:00,4311.66,0.387100835
18-12-2022 20:00,4247.071,0.381302034
18-12-2022 21:00,4032.594,0.362046289
18-12-2022 22:00,3637.691,0.326591898
18-12-2022 23:00,3183.37,0.285802959
19-12-2022 00:00,3149.596,0.282770729
19-12-2022 01:00,3130.018,0.281013016
19-12-2022 02:00,3178.005,0.285321289
19-12-2022 03:00,3260.63,0.292739361
19-12-2022 04:00,3552.229,0.31891912
19-12-2022 05:00,4150.191,0.372604148
19-12-2022 06:00,5448.847,0.489197484
19-12-2022 07:00,5555.635,0.49878491
19-12-2022 08:00,5411.952,0.485885051
19-12-2022 09:00,5094.236,0.457360508
19-12-2022 10:00,4663.13,0.418655811
19-12-2022 11:00,4352.837,0.390797706
19-12-2022 12:00,3956.143,0.355182519
19-12-2022 13:00,3555.667,0.319227783
19-12-2022 14:00,3361.079,0.301757673
19-12-2022 15:00,3426.123,0.307597323
19-12-2022 16:00,3657.81,0.328398182
19-12-2022 17:00,3940.948,0.353818311
19-12-2022 18:00,4038.953,0.3626172
19-12-2022 19:00,3956.227,0.35519006
19-12-2022 20:00,3779.995,0.339367951
19-12-2022 21:00,3501.746,0.314386756
19-12-2022 22:00,3187.365,0.28616163
19-12-2022 23:00,2819.978,0.253177625
20-12-2022 00:00,2683.824,0.240953719
20-12-2022 01:00,2688.664,0.241388254
20-12-2022 02:00,2701.192,0.242513018
20-12-2022 03:00,2759.184,0.24771954
20-12-2022 04:00,2975.11,0.267105376
20-12-2022 05:00,3505.025,0.314681145
20-12-2022 06:00,4729.883,0.424648896
20-12-2022 07:00,4724.495,0.424165161
