,Auto_id,UpdateType,Carrier,FltNo,Dep_SchdDate,Dep_Attribute,Dep_Apt,Dep_DateTime_Act,Arr_apt,Dep_Delay_TimeDifference,Dep_delay_Hours
0,178097697.0,UPD,AC,5.0,22-07-2023 13:30,Act,YUL,22-07-2023 13:36,NRT,0 days 00:06:00.000000000,0.1
1,178159203.0,UPD,AC,5.0,23-07-2023 13:30,Act,YUL,23-07-2023 13:31,NRT,0 days 00:01:00.000000000,0.02
2,178212372.0,UPD,AC,5.0,24-07-2023 13:30,Act,YUL,24-07-2023 13:31,NRT,0 days 00:01:00.000000000,0.02
3,178406042.0,UPD,AC,5.0,25-07-2023 13:30,Act,YUL,,NRT,,0.33
4,178599712.0,UPD,AC,5.0,26-07-2023 13:30,Act,YUL,,NRT,,0.64
5,178793382.0,UPD,AC,5.0,27-07-2023 13:30,Act,YUL,27-07-2023 14:27,NRT,0 days 00:57:00.000000000,0.95
6,178927552.0,UPD,AC,5.0,28-07-2023 13:30,Act,YUL,,NRT,,0.865
7,179061722.0,UPD,AC,5.0,29-07-2023 13:30,Act,YUL,29-07-2023 14:17,NRT,0 days 00:47:00.000000000,0.78
8,179157169.0,UPD,AC,5.0,30-07-2023 13:30,Act,YUL,30-07-2023 13:31,NRT,0 days 00:01:00.000000000,0.02
9,179345390.0,UPD,AC,5.0,31-07-2023 13:30,Act,YUL,31-07-2023 16:29,NRT,0 days 02:59:00.000000000,2.98
10,179354617.0,UPD,AC,5.0,01-08-2023 13:30,Act,YUL,01-08-2023 16:29,NRT,0 days 02:59:00.000000000,2.98
11,179551678.0,UPD,AC,5.0,02-08-2023 13:30,Act,YUL,02-08-2023 13:48,NRT,0 days 00:18:00.000000000,0.3
12,179673220.0,UPD,AC,5.0,03-08-2023 13:30,Act,YUL,03-08-2023 13:40,NRT,0 days 00:10:00.000000000,0.17
13,179817826.0,UPD,AC,5.0,04-08-2023 13:30,Act,YUL,04-08-2023 13:37,NRT,0 days 00:07:00.000000000,0.12
14,179911681.0,UPD,AC,5.0,05-08-2023 13:30,Act,YUL,05-08-2023 13:35,NRT,0 days 00:05:00.000000000,0.08
15,180036222.0,UPD,AC,5.0,06-08-2023 13:30,Act,YUL,06-08-2023 13:38,NRT,0 days 00:08:00.000000000,0.13
16,180172649.0,UPD,AC,5.0,07-08-2023 13:30,Act,YUL,07-08-2023 13:30,NRT,0 days 00:00:00.000000000,0.0
17,181230358.0,UPD,AC,5.0,20-08-2023 13:25,Act,YUL,20-08-2023 13:47,NRT,0 days 00:22:00.000000000,0.37
18,181237460.0,UPD,AC,5.0,21-08-2023 13:25,Act,YUL,,NRT,,0.2975
19,181244562.0,UPD,AC,5.0,22-08-2023 13:25,Act,YUL,,NRT,,0.225
20,181251664.0,UPD,AC,5.0,23-08-2023 13:25,Act,YUL,,NRT,,0.15250000000000002
21,181258766.0,UPD,AC,5.0,24-08-2023 13:25,Act,YUL,24-08-2023 13:30,NRT,0 days 00:05:00.000000000,0.08
22,181267432.5,UPD,AC,5.0,25-08-2023 13:25,Act,YUL,,NRT,,0.09
23,181276099.0,UPD,AC,5.0,26-08-2023 13:25,Act,YUL,26-08-2023 13:31,NRT,0 days 00:06:00.000000000,0.1
24,181286026.5,UPD,AC,5.0,27-08-2023 13:25,Act,YUL,,NRT,,0.135
25,181295954.0,UPD,AC,5.0,28-08-2023 13:25,Act,YUL,28-08-2023 13:35,NRT,0 days 00:10:00.000000000,0.17
26,181303454.0,UPD,AC,5.0,29-08-2023 13:25,Act,YUL,,NRT,,0.635
27,181310954.0,UPD,AC,5.0,30-08-2023 13:25,Act,YUL,30-08-2023 14:31,NRT,0 days 01:06:00.000000000,1.1
28,181332118.0,UPD,AC,5.0,01-09-2023 13:25,Act,YUL,01-09-2023 13:54,NRT,0 days 00:29:00.000000000,0.48
29,181340315.75,UPD,AC,5.0,02-09-2023 13:25,Act,YUL,,NRT,,0.4275
30,181348513.5,UPD,AC,5.0,03-09-2023 13:25,Act,YUL,,NRT,,0.375
31,181356711.25,UPD,AC,5.0,04-09-2023 13:25,Act,YUL,,NRT,,0.3225
32,181364909.0,UPD,AC,5.0,05-09-2023 13:25,Act,YUL,05-09-2023 13:41,NRT,0 days 00:16:00.000000000,0.27
33,181374084.5,UPD,AC,5.0,06-09-2023 13:25,Act,YUL,,NRT,,1.625
34,181383260.0,UPD,AC,5.0,07-09-2023 13:25,Act,YUL,07-09-2023 16:24,NRT,0 days 02:59:00.000000000,2.98
35,181392037.0,UPD,AC,5.0,08-09-2023 13:25,Act,YUL,,NRT,,2.555
36,181400814.0,UPD,AC,5.0,09-09-2023 13:25,Act,YUL,,NRT,,2.13
37,181409591.0,UPD,AC,5.0,10-09-2023 13:25,Act,YUL,,NRT,,1.705
38,181418368.0,UPD,AC,5.0,11-09-2023 13:25,Act,YUL,11-09-2023 14:42,NRT,0 days 01:17:00.000000000,1.28
39,181426668.5,UPD,AC,5.0,12-09-2023 13:25,Act,YUL,,NRT,,0.665
40,181434969.0,UPD,AC,5.0,13-09-2023 13:25,Act,YUL,13-09-2023 13:28,NRT,0 days 00:03:00.000000000,0.05
41,181447929.5,UPD,AC,5.0,14-09-2023 13:25,Act,YUL,,NRT,,0.175
42,181460890.0,UPD,AC,5.0,15-09-2023 13:25,Act,YUL,15-09-2023 13:43,NRT,0 days 00:18:00.000000000,0.3
43,181465683.0,UPD,AC,5.0,16-09-2023 13:25,Act,YUL,,NRT,,0.275
44,181470476.0,UPD,AC,5.0,17-09-2023 13:25,Act,YUL,17-09-2023 13:40,NRT,0 days 00:15:00.000000000,0.25
45,181480653.0,UPD,AC,5.0,18-09-2023 13:25,Act,YUL,,NRT,,2.09
46,181490830.0,UPD,AC,5.0,19-09-2023 13:25,Act,YUL,19-09-2023 17:21,NRT,0 days 03:56:00.000000000,3.93
47,181525115.0,UPD,AC,5.0,23-09-2023 13:10,Act,YUL,23-09-2023 13:57,NRT,0 days 00:47:00.000000000,0.78
48,181533795.0,UPD,AC,5.0,24-09-2023 13:10,Act,YUL,,NRT,,0.825
49,181542475.0,UPD,AC,5.0,25-09-2023 13:10,Act,YUL,25-09-2023 14:02,NRT,0 days 00:52:00.000000000,0.87
50,181554150.5,UPD,AC,5.0,26-09-2023 13:10,Act,YUL,,NRT,,0.8200000000000001
51,181565826.0,UPD,AC,5.0,27-09-2023 13:10,Act,YUL,27-09-2023 13:56,NRT,0 days 00:46:00.000000000,0.77
52,182915883.0,UPD,AC,5.0,28-09-2023 13:10,Act,YUL,28-09-2023 13:20,NRT,0 days 00:10:00.000000000,0.17
53,182883697.0,UPD,AC,5.0,29-09-2023 13:10,Act,YUL,29-09-2023 13:24,NRT,0 days 00:14:00.000000000,0.23
54,183015044.0,UPD,AC,5.0,30-09-2023 13:10,Act,YUL,30-09-2023 13:16,NRT,0 days 00:06:00.000000000,0.1
55,183116632.0,UPD,AC,5.0,01-10-2023 13:10,Act,YUL,01-10-2023 13:37,NRT,0 days 00:27:00.000000000,0.45
56,183238728.0,UPD,AC,5.0,02-10-2023 13:10,Act,YUL,02-10-2023 13:22,NRT,0 days 00:12:00.000000000,0.2
57,183344397.66666666,UPD,AC,5.0,03-10-2023 13:10,Act,YUL,,NRT,,0.24333333333333335
58,183450067.33333334,UPD,AC,5.0,04-10-2023 13:10,Act,YUL,,NRT,,0.2866666666666667
59,183555737.0,UPD,AC,5.0,05-10-2023 13:10,Act,YUL,05-10-2023 13:30,NRT,0 days 00:20:00.000000000,0.33
60,183675667.0,UPD,AC,5.0,06-10-2023 13:10,Act,YUL,06-10-2023 13:10,NRT,0 days 00:00:00.000000000,0.0
61,183813661.0,UPD,AC,5.0,07-10-2023 13:10,Act,YUL,07-10-2023 19:04,NRT,0 days 05:54:00.000000000,5.9
62,183956672.0,UPD,AC,5.0,08-10-2023 13:10,Act,YUL,08-10-2023 13:13,NRT,0 days 00:03:00.000000000,0.05
63,184006967.0,UPD,AC,5.0,09-10-2023 13:10,Act,YUL,09-10-2023 13:18,NRT,0 days 00:08:00.000000000,0.13
64,184121091.0,UPD,AC,5.0,10-10-2023 13:10,Act,YUL,10-10-2023 13:14,NRT,0 days 00:04:00.000000000,0.07
65,184219741.0,UPD,AC,5.0,11-10-2023 13:10,Act,YUL,11-10-2023 13:20,NRT,0 days 00:10:00.000000000,0.17
66,184339306.0,UPD,AC,5.0,12-10-2023 13:10,Act,YUL,12-10-2023 13:24,NRT,0 days 00:14:00.000000000,0.23
67,184460201.0,UPD,AC,5.0,13-10-2023 13:10,Act,YUL,13-10-2023 13:33,NRT,0 days 00:23:00.000000000,0.38
68,184560290.0,UPD,AC,5.0,14-10-2023 13:10,Act,YUL,14-10-2023 13:44,NRT,0 days 00:34:00.000000000,0.57
69,184663548.0,UPD,AC,5.0,15-10-2023 13:10,Act,YUL,15-10-2023 13:10,NRT,0 days 00:00:00.000000000,0.0
70,184786058.0,UPD,AC,5.0,16-10-2023 13:10,Act,YUL,16-10-2023 14:17,NRT,0 days 01:07:00.000000000,1.12
71,184888410.0,UPD,AC,5.0,17-10-2023 13:10,Act,YUL,17-10-2023 13:25,NRT,0 days 00:15:00.000000000,0.25
72,184996618.0,UPD,AC,5.0,18-10-2023 13:10,Act,YUL,18-10-2023 13:11,NRT,0 days 00:01:00.000000000,0.02
73,185109574.0,UPD,AC,5.0,19-10-2023 13:10,Act,YUL,19-10-2023 13:13,NRT,0 days 00:03:00.000000000,0.05
74,185242331.0,UPD,AC,5.0,20-10-2023 13:10,Act,YUL,20-10-2023 14:39,NRT,0 days 01:29:00.000000000,1.48
75,185341575.5,UPD,AC,5.0,21-10-2023 13:10,Act,YUL,,NRT,,0.9299999999999999
76,185440820.0,UPD,AC,5.0,22-10-2023 13:10,Act,YUL,22-10-2023 13:33,NRT,0 days 00:23:00.000000000,0.38
77,185534226.5,UPD,AC,5.0,23-10-2023 13:10,Act,YUL,,NRT,,0.255
78,185627633.0,UPD,AC,5.0,24-10-2023 13:10,Act,YUL,24-10-2023 13:18,NRT,0 days 00:08:00.000000000,0.13
79,185735664.0,UPD,AC,5.0,25-10-2023 13:10,Act,YUL,25-10-2023 14:06,NRT,0 days 00:56:00.000000000,0.93
80,185850247.0,UPD,AC,5.0,26-10-2023 13:10,Act,YUL,26-10-2023 13:11,NRT,0 days 00:01:00.000000000,0.02
81,185965410.0,UPD,AC,5.0,27-10-2023 13:10,Act,YUL,27-10-2023 13:38,NRT,0 days 00:28:00.000000000,0.47
82,177921033.0,UPD,AC,24.0,22-07-2023 18:10,Est,KIX,22-07-2023 18:10,YVR,0 days 00:00:00.000000000,0.0
83,178051690.5,UPD,AC,24.0,23-07-2023 18:10,Est,KIX,,YVR,,0.0
84,178182348.0,UPD,AC,24.0,24-07-2023 18:10,Est,KIX,24-07-2023 18:10,YVR,0 days 00:00:00.000000000,0.0
85,178324858.0,UPD,AC,24.0,25-07-2023 18:10,Est,KIX,25-07-2023 18:10,YVR,0 days 00:00:00.000000000,0.0
86,178460924.0,UPD,AC,24.0,26-07-2023 18:10,Est,KIX,,YVR,,0.0
87,178596990.0,UPD,AC,24.0,27-07-2023 18:10,Est,KIX,27-07-2023 18:10,YVR,0 days 00:00:00.000000000,0.0
88,178738347.5,UPD,AC,24.0,28-07-2023 18:10,Est,KIX,,YVR,,0.0
89,178879705.0,UPD,AC,24.0,29-07-2023 18:10,Est,KIX,29-07-2023 18:10,YVR,0 days 00:00:00.000000000,0.0
90,179017955.5,UPD,AC,24.0,30-07-2023 18:10,Est,KIX,,YVR,,0.0
91,179156206.0,UPD,AC,24.0,31-07-2023 18:10,Est,KIX,31-07-2023 18:10,YVR,0 days 00:00:00.000000000,0.0
92,179295798.0,UPD,AC,24.0,01-08-2023 18:10,Est,KIX,01-08-2023 18:10,YVR,0 days 00:00:00.000000000,0.0
93,179423700.0,UPD,AC,24.0,02-08-2023 18:10,Est,KIX,,YVR,,0.0
94,179551602.0,UPD,AC,24.0,03-08-2023 18:10,Est,KIX,03-08-2023 18:10,YVR,0 days 00:00:00.000000000,0.0
95,179682143.0,UPD,AC,24.0,04-08-2023 18:10,Est,KIX,,YVR,,0.0
96,179812684.0,UPD,AC,24.0,05-08-2023 18:10,Est,KIX,05-08-2023 18:10,YVR,0 days 00:00:00.000000000,0.0
97,179932757.5,UPD,AC,24.0,06-08-2023 18:10,Est,KIX,,YVR,,0.0
98,180052831.0,UPD,AC,24.0,07-08-2023 18:10,Est,KIX,07-08-2023 18:10,YVR,0 days 00:00:00.000000000,0.0
99,180182820.0,UPD,AC,24.0,08-08-2023 18:10,Est,KIX,08-08-2023 18:10,YVR,0 days 00:00:00.000000000,0.0
100,180307505.0,UPD,AC,24.0,09-08-2023 18:10,Est,KIX,,YVR,,0.0
101,180432190.0,UPD,AC,24.0,10-08-2023 18:10,Est,KIX,10-08-2023 18:10,YVR,0 days 00:00:00.000000000,0.0
102,180560189.0,UPD,AC,24.0,11-08-2023 18:10,Est,KIX,,YVR,,0.0
103,180688188.0,UPD,AC,24.0,12-08-2023 18:10,Est,KIX,12-08-2023 18:10,YVR,0 days 00:00:00.000000000,0.0
104,180723898.47058824,UPD,AC,24.0,13-08-2023 18:10,Est,KIX,,YVR,,0.0
105,180759608.94117647,UPD,AC,24.0,14-08-2023 18:10,Est,KIX,,YVR,,0.0
106,180795319.4117647,UPD,AC,24.0,15-08-2023 18:10,Est,KIX,,YVR,,0.0
107,180831029.88235295,UPD,AC,24.0,16-08-2023 18:10,Est,KIX,,YVR,,0.0
108,180866740.3529412,UPD,AC,24.0,17-08-2023 18:10,Est,KIX,,YVR,,0.0
109,180902450.82352942,UPD,AC,24.0,18-08-2023 18:10,Est,KIX,,YVR,,0.0
110,180938161.29411766,UPD,AC,24.0,19-08-2023 18:10,Est,KIX,,YVR,,0.0
111,180973871.7647059,UPD,AC,24.0,20-08-2023 18:10,Est,KIX,,YVR,,0.0
112,181009582.2352941,UPD,AC,24.0,21-08-2023 18:10,Est,KIX,,YVR,,0.0
113,181045292.70588234,UPD,AC,24.0,22-08-2023 18:10,Est,KIX,,YVR,,0.0
114,181081003.17647058,UPD,AC,24.0,23-08-2023 18:10,Est,KIX,,YVR,,0.0
115,181116713.6470588,UPD,AC,24.0,24-08-2023 18:10,Est,KIX,,YVR,,0.0
116,181152424.11764705,UPD,AC,24.0,25-08-2023 18:10,Est,KIX,,YVR,,0.0
117,181188134.5882353,UPD,AC,24.0,26-08-2023 18:10,Est,KIX,,YVR,,0.0
118,181223845.05882353,UPD,AC,24.0,27-08-2023 18:10,Est,KIX,,YVR,,0.0
119,181259555.52941176,UPD,AC,24.0,28-08-2023 18:10,Est,KIX,,YVR,,0.0
120,181295266.0,UPD,AC,24.0,29-08-2023 18:10,Est,KIX,29-08-2023 18:10,YVR,0 days 00:00:00.000000000,0.0
121,181303919.5,UPD,AC,24.0,30-08-2023 18:10,Est,KIX,,YVR,,0.0
122,181312573.0,UPD,AC,24.0,31-08-2023 18:10,Est,KIX,31-08-2023 18:10,YVR,0 days 00:00:00.000000000,0.0
123,181321533.5,UPD,AC,24.0,01-09-2023 18:10,Est,KIX,,YVR,,0.0
124,181330494.0,UPD,AC,24.0,02-09-2023 18:10,Est,KIX,02-09-2023 18:10,YVR,0 days 00:00:00.000000000,0.0
125,181339438.0,UPD,AC,24.0,03-09-2023 18:10,Est,KIX,,YVR,,0.0
126,181348382.0,UPD,AC,24.0,04-09-2023 18:10,Est,KIX,04-09-2023 18:10,YVR,0 days 00:00:00.000000000,0.0
127,181357308.875,UPD,AC,24.0,05-09-2023 18:10,Est,KIX,,YVR,,0.0
128,181366235.75,UPD,AC,24.0,06-09-2023 18:10,Est,KIX,,YVR,,0.0
129,181375162.625,UPD,AC,24.0,07-09-2023 18:10,Est,KIX,,YVR,,0.0
130,181384089.5,UPD,AC,24.0,08-09-2023 18:10,Est,KIX,,YVR,,0.0
131,181393016.375,UPD,AC,24.0,09-09-2023 18:10,Est,KIX,,YVR,,0.0
132,181401943.25,UPD,AC,24.0,10-09-2023 18:10,Est,KIX,,YVR,,0.0
133,181410870.125,UPD,AC,24.0,11-09-2023 18:10,Est,KIX,,YVR,,0.0
134,181419797.0,UPD,AC,24.0,12-09-2023 18:10,Est,KIX,12-09-2023 18:10,YVR,0 days 00:00:00.000000000,0.0
135,181428524.5,UPD,AC,24.0,13-09-2023 18:10,Est,KIX,,YVR,,0.0
136,181437252.0,UPD,AC,24.0,14-09-2023 18:10,Est,KIX,14-09-2023 18:10,YVR,0 days 00:00:00.000000000,0.0
137,181446062.0,UPD,AC,24.0,15-09-2023 18:10,Est,KIX,,YVR,,0.0
138,181454872.0,UPD,AC,24.0,16-09-2023 18:10,Est,KIX,16-09-2023 18:10,YVR,0 days 00:00:00.000000000,0.0
139,181463817.5,UPD,AC,24.0,17-09-2023 18:10,Est,KIX,,YVR,,0.0
140,181472763.0,UPD,AC,24.0,18-09-2023 18:10,Est,KIX,18-09-2023 18:10,YVR,0 days 00:00:00.000000000,0.0
141,181481657.5,UPD,AC,24.0,19-09-2023 18:10,Est,KIX,,YVR,,0.0
142,181490552.0,UPD,AC,24.0,20-09-2023 18:10,Est,KIX,,YVR,,0.0
143,181499446.5,UPD,AC,24.0,21-09-2023 18:10,Est,KIX,,YVR,,0.0
144,181508341.0,UPD,AC,24.0,22-09-2023 18:10,Est,KIX,,YVR,,0.0
145,181517235.5,UPD,AC,24.0,23-09-2023 18:10,Est,KIX,,YVR,,0.0
146,181526130.0,UPD,AC,24.0,24-09-2023 18:10,Est,KIX,,YVR,,0.0
147,181535024.5,UPD,AC,24.0,25-09-2023 18:10,Est,KIX,,YVR,,0.0
148,181543919.0,UPD,AC,24.0,26-09-2023 18:10,Est,KIX,26-09-2023 18:10,YVR,0 days 00:00:00.000000000,0.0
149,181556376.0,UPD,AC,24.0,27-09-2023 18:10,Est,KIX,,YVR,,0.0
150,181568833.0,UPD,AC,24.0,28-09-2023 18:10,Est,KIX,28-09-2023 18:10,YVR,0 days 00:00:00.000000000,0.0
151,182236402.0,UPD,AC,24.0,29-09-2023 18:10,Est,KIX,,YVR,,0.0
152,182903971.0,UPD,AC,24.0,30-09-2023 18:10,Est,KIX,30-09-2023 18:10,YVR,0 days 00:00:00.000000000,0.0
153,183021198.5,UPD,AC,24.0,01-10-2023 18:10,Est,KIX,,YVR,,0.0
154,183138426.0,UPD,AC,24.0,02-10-2023 18:10,Est,KIX,02-10-2023 18:10,YVR,0 days 00:00:00.000000000,0.0
155,183251096.0,UPD,AC,24.0,03-10-2023 18:10,Est,KIX,03-10-2023 20:30,YVR,0 days 02:20:00.000000000,2.33
156,183356188.5,UPD,AC,24.0,04-10-2023 18:10,Est,KIX,,YVR,,1.455
157,183461281.0,UPD,AC,24.0,05-10-2023 18:10,Est,KIX,05-10-2023 18:45,YVR,0 days 00:35:00.000000000,0.58
158,183578055.0,UPD,AC,24.0,06-10-2023 18:10,Est,KIX,,YVR,,0.29
159,183694829.0,UPD,AC,24.0,07-10-2023 18:10,Est,KIX,07-10-2023 18:10,YVR,0 days 00:00:00.000000000,0.0
160,183806549.0,UPD,AC,24.0,08-10-2023 18:10,Est,KIX,,YVR,,0.0
161,183918269.0,UPD,AC,24.0,09-10-2023 18:10,Est,KIX,09-10-2023 18:10,YVR,0 days 00:00:00.000000000,0.0
162,184036459.0,UPD,AC,24.0,10-10-2023 18:10,Est,KIX,10-10-2023 18:25,YVR,0 days 00:15:00.000000000,0.25
163,184139945.5,UPD,AC,24.0,11-10-2023 18:10,Est,KIX,,YVR,,0.21000000000000002
164,184243432.0,UPD,AC,24.0,12-10-2023 18:10,Est,KIX,12-10-2023 18:20,YVR,0 days 00:10:00.000000000,0.17
165,184361005.0,UPD,AC,24.0,13-10-2023 18:10,Est,KIX,,YVR,,0.085
166,184478578.0,UPD,AC,24.0,14-10-2023 18:10,Est,KIX,14-10-2023 18:10,YVR,0 days 00:00:00.000000000,0.0
167,184581659.5,UPD,AC,24.0,15-10-2023 18:10,Est,KIX,,YVR,,0.0
168,184684741.0,UPD,AC,24.0,16-10-2023 18:10,Est,KIX,16-10-2023 18:10,YVR,0 days 00:00:00.000000000,0.0
169,184798976.0,UPD,AC,24.0,17-10-2023 18:10,Est,KIX,17-10-2023 18:10,YVR,0 days 00:00:00.000000000,0.0
170,184906918.5,UPD,AC,24.0,18-10-2023 18:10,Est,KIX,,YVR,,0.0
171,185014861.0,UPD,AC,24.0,19-10-2023 18:10,Est,KIX,19-10-2023 18:10,YVR,0 days 00:00:00.000000000,0.0
172,185137571.5,UPD,AC,24.0,20-10-2023 18:10,Est,KIX,,YVR,,0.125
173,185260282.0,UPD,AC,24.0,21-10-2023 18:10,Est,KIX,21-10-2023 18:25,YVR,0 days 00:15:00.000000000,0.25
174,185358057.0,UPD,AC,24.0,22-10-2023 18:10,Est,KIX,,YVR,,0.125
175,185455832.0,UPD,AC,24.0,23-10-2023 18:10,Est,KIX,23-10-2023 18:10,YVR,0 days 00:00:00.000000000,0.0
176,185555560.33333334,UPD,AC,24.0,24-10-2023 18:10,Est,KIX,,YVR,,0.7233333333333333
177,185655288.66666666,UPD,AC,24.0,25-10-2023 18:10,Est,KIX,,YVR,,1.4466666666666665
178,185755017.0,UPD,AC,24.0,26-10-2023 18:10,Est,KIX,26-10-2023 20:20,YVR,0 days 02:10:00.000000000,2.17
179,185870523.0,UPD,AC,24.0,27-10-2023 18:10,Est,KIX,,YVR,,2.0
180,185986029.0,UPD,AC,24.0,28-10-2023 18:10,Est,KIX,28-10-2023 20:00,YVR,0 days 01:50:00.000000000,1.83
181,177975512.0,UPD,NH,5.0,21-07-2023 13:10,Act,LAX,21-07-2023 13:18,NRT,0 days 00:08:00.000000000,0.13
182,178044899.0,UPD,NH,5.0,22-07-2023 13:10,Act,LAX,22-07-2023 13:17,NRT,0 days 00:07:00.000000000,0.12
183,178177466.0,UPD,NH,5.0,23-07-2023 13:10,Act,LAX,23-07-2023 13:24,NRT,0 days 00:14:00.000000000,0.23
184,178323230.0,UPD,NH,5.0,24-07-2023 13:10,Act,LAX,24-07-2023 13:10,NRT,0 days 00:00:00.000000000,0.0
185,178455424.0,UPD,NH,5.0,25-07-2023 13:10,Act,LAX,25-07-2023 13:18,NRT,0 days 00:08:00.000000000,0.13
186,178595910.0,UPD,NH,5.0,26-07-2023 13:10,Act,LAX,26-07-2023 13:38,NRT,0 days 00:28:00.000000000,0.47
187,178755415.0,UPD,NH,5.0,27-07-2023 13:10,Act,LAX,27-07-2023 13:20,NRT,0 days 00:10:00.000000000,0.17
188,178902658.0,UPD,NH,5.0,28-07-2023 13:10,Act,LAX,28-07-2023 13:33,NRT,0 days 00:23:00.000000000,0.38
189,179057361.0,UPD,NH,5.0,29-07-2023 13:10,Act,LAX,29-07-2023 13:32,NRT,0 days 00:22:00.000000000,0.37
190,179148486.0,UPD,NH,5.0,30-07-2023 13:10,Act,LAX,30-07-2023 13:25,NRT,0 days 00:15:00.000000000,0.25
191,179345613.0,UPD,NH,5.0,31-07-2023 13:10,Act,LAX,31-07-2023 13:19,NRT,0 days 00:09:00.000000000,0.15
192,179418440.0,UPD,NH,5.0,01-08-2023 13:10,Act,LAX,01-08-2023 13:25,NRT,0 days 00:15:00.000000000,0.25
193,179546874.0,UPD,NH,5.0,02-08-2023 13:10,Act,LAX,02-08-2023 13:22,NRT,0 days 00:12:00.000000000,0.2
194,179672232.0,UPD,NH,5.0,03-08-2023 13:10,Act,LAX,03-08-2023 13:46,NRT,0 days 00:36:00.000000000,0.6
195,179817968.0,UPD,NH,5.0,04-08-2023 13:10,Act,LAX,04-08-2023 14:15,NRT,0 days 01:05:00.000000000,1.08
196,179968114.5,UPD,NH,5.0,05-08-2023 13:10,Act,LAX,,NRT,,1.78
197,180118261.0,UPD,NH,5.0,06-08-2023 13:10,Act,LAX,06-08-2023 15:39,NRT,0 days 02:29:00.000000000,2.48
198,180236505.0,UPD,NH,5.0,07-08-2023 13:10,Act,LAX,07-08-2023 13:50,NRT,0 days 00:40:00.000000000,0.67
199,180357735.0,UPD,NH,5.0,08-08-2023 13:10,Act,LAX,,NRT,,0.44666666666666666
200,180478965.0,UPD,NH,5.0,09-08-2023 13:10,Act,LAX,,NRT,,0.22333333333333333
201,180600195.0,UPD,NH,5.0,10-08-2023 13:10,Act,LAX,10-08-2023 13:10,NRT,0 days 00:00:00.000000000,0.0
202,180686790.0,UPD,NH,5.0,11-08-2023 13:10,Act,LAX,11-08-2023 13:16,NRT,0 days 00:06:00.000000000,0.1
203,180865440.44444445,UPD,NH,5.0,12-08-2023 13:10,Act,LAX,,NRT,,0.2811111111111111
204,181044090.8888889,UPD,NH,5.0,13-08-2023 13:10,Act,LAX,,NRT,,0.4622222222222222
205,181222741.33333334,UPD,NH,5.0,14-08-2023 13:10,Act,LAX,,NRT,,0.6433333333333333
206,181401391.7777778,UPD,NH,5.0,15-08-2023 13:10,Act,LAX,,NRT,,0.8244444444444444
207,181580042.2222222,UPD,NH,5.0,16-08-2023 13:10,Act,LAX,,NRT,,1.0055555555555555
208,181758692.66666666,UPD,NH,5.0,17-08-2023 13:10,Act,LAX,,NRT,,1.1866666666666668
209,181937343.1111111,UPD,NH,5.0,18-08-2023 13:10,Act,LAX,,NRT,,1.367777777777778
210,182115993.55555555,UPD,NH,5.0,19-08-2023 13:10,Act,LAX,,NRT,,1.548888888888889
211,182294644.0,UPD,NH,5.0,20-08-2023 13:10,Act,LAX,20-08-2023 14:54,NRT,0 days 01:44:00.000000000,1.73
212,182304693.0,UPD,NH,5.0,21-08-2023 13:10,Act,LAX,,NRT,,0.94
213,182314742.0,UPD,NH,5.0,22-08-2023 13:10,Act,LAX,22-08-2023 13:19,NRT,0 days 00:09:00.000000000,0.15
214,182322923.0,UPD,NH,5.0,23-08-2023 13:10,Act,LAX,,NRT,,0.6900000000000001
215,182331104.0,UPD,NH,5.0,24-08-2023 13:10,Act,LAX,24-08-2023 14:24,NRT,0 days 01:14:00.000000000,1.23
216,182346578.0,UPD,NH,5.0,25-08-2023 13:10,Act,LAX,,NRT,,0.64
217,182362052.0,UPD,NH,5.0,26-08-2023 13:10,Act,LAX,26-08-2023 13:13,NRT,0 days 00:03:00.000000000,0.05
218,182373365.0,UPD,NH,5.0,27-08-2023 13:10,Act,LAX,,NRT,,0.035
219,182384678.0,UPD,NH,5.0,28-08-2023 13:10,Act,LAX,28-08-2023 13:11,NRT,0 days 00:01:00.000000000,0.02
220,182390881.0,UPD,NH,5.0,29-08-2023 13:10,Act,LAX,,NRT,,0.12000000000000001
221,182397084.0,UPD,NH,5.0,30-08-2023 13:10,Act,LAX,30-08-2023 13:23,NRT,0 days 00:13:00.000000000,0.22
222,182407818.0,UPD,NH,5.0,31-08-2023 13:10,Act,LAX,,NRT,,0.44500000000000006
223,182418552.0,UPD,NH,5.0,01-09-2023 12:45,Act,LAX,01-09-2023 13:25,NRT,0 days 00:40:00.000000000,0.67
224,182432069.5,UPD,NH,5.0,02-09-2023 12:45,Act,LAX,,NRT,,0.37
225,182445587.0,UPD,NH,5.0,03-09-2023 12:45,Act,LAX,03-09-2023 12:49,NRT,0 days 00:04:00.000000000,0.07
226,182454879.0,UPD,NH,5.0,04-09-2023 12:45,Act,LAX,,NRT,,0.16
227,182464171.0,UPD,NH,5.0,05-09-2023 12:45,Act,LAX,05-09-2023 13:00,NRT,0 days 00:15:00.000000000,0.25
228,182473486.5,UPD,NH,5.0,06-09-2023 12:45,Act,LAX,,NRT,,0.28500000000000003
229,182482802.0,UPD,NH,5.0,07-09-2023 12:45,Act,LAX,07-09-2023 13:04,NRT,0 days 00:19:00.000000000,0.32
230,182493919.5,UPD,NH,5.0,08-09-2023 12:45,Act,LAX,,NRT,,0.32
231,182505037.0,UPD,NH,5.0,09-09-2023 12:45,Act,LAX,09-09-2023 13:04,NRT,0 days 00:19:00.000000000,0.32
232,182518338.0,UPD,NH,5.0,10-09-2023 12:45,Act,LAX,,NRT,,0.235
233,182531639.0,UPD,NH,5.0,11-09-2023 12:45,Act,LAX,11-09-2023 12:54,NRT,0 days 00:09:00.000000000,0.15
234,182541863.0,UPD,NH,5.0,12-09-2023 12:45,Act,LAX,,NRT,,0.235
235,182552087.0,UPD,NH,5.0,13-09-2023 12:45,Act,LAX,13-09-2023 13:04,NRT,0 days 00:19:00.000000000,0.32
236,182559747.5,UPD,NH,5.0,14-09-2023 12:45,Act,LAX,,NRT,,0.195
237,182567408.0,UPD,NH,5.0,15-09-2023 12:45,Act,LAX,15-09-2023 12:49,NRT,0 days 00:04:00.000000000,0.07
238,182578180.5,UPD,NH,5.0,16-09-2023 12:45,Act,LAX,,NRT,,0.07
239,182588953.0,UPD,NH,5.0,17-09-2023 12:45,Act,LAX,17-09-2023 12:49,NRT,0 days 00:04:00.000000000,0.07
240,182595592.83333334,UPD,NH,5.0,18-09-2023 12:45,Act,LAX,,NRT,,0.06333333333333334
241,182602232.66666666,UPD,NH,5.0,19-09-2023 12:45,Act,LAX,,NRT,,0.05666666666666667
242,182608872.5,UPD,NH,5.0,20-09-2023 12:45,Act,LAX,,NRT,,0.05
243,182615512.33333334,UPD,NH,5.0,21-09-2023 12:45,Act,LAX,,NRT,,0.043333333333333335
244,182622152.16666666,UPD,NH,5.0,22-09-2023 12:45,Act,LAX,,NRT,,0.03666666666666667
245,182628792.0,UPD,NH,5.0,23-09-2023 12:45,Act,LAX,23-09-2023 12:47,NRT,0 days 00:02:00.000000000,0.03
246,182638868.5,UPD,NH,5.0,24-09-2023 12:45,Act,LAX,,NRT,,0.08
247,182648945.0,UPD,NH,5.0,25-09-2023 12:45,Act,LAX,25-09-2023 12:53,NRT,0 days 00:08:00.000000000,0.13
248,182662091.0,UPD,NH,5.0,26-09-2023 12:45,Act,LAX,,NRT,,0.10500000000000001
249,182675237.0,UPD,NH,5.0,27-09-2023 12:45,Act,LAX,27-09-2023 12:50,NRT,0 days 00:05:00.000000000,0.08
250,182797291.0,UPD,NH,5.0,28-09-2023 12:45,Act,LAX,28-09-2023 13:12,NRT,0 days 00:27:00.000000000,0.45
251,182895383.0,UPD,NH,5.0,29-09-2023 12:45,Act,LAX,29-09-2023 13:00,NRT,0 days 00:15:00.000000000,0.25
252,183012093.5,UPD,NH,5.0,30-09-2023 12:45,Act,LAX,,NRT,,0.14
253,183128804.0,UPD,NH,5.0,01-10-2023 12:45,Act,LAX,01-10-2023 12:47,NRT,0 days 00:02:00.000000000,0.03
254,183240704.0,UPD,NH,5.0,02-10-2023 12:45,Act,LAX,02-10-2023 12:49,NRT,0 days 00:04:00.000000000,0.07
255,183348184.5,UPD,NH,5.0,03-10-2023 12:45,Act,LAX,,NRT,,0.48500000000000004
256,183455665.0,UPD,NH,5.0,04-10-2023 12:45,Act,LAX,04-10-2023 13:39,NRT,0 days 00:54:00.000000000,0.9
257,183577854.0,UPD,NH,5.0,05-10-2023 12:45,Act,LAX,05-10-2023 13:59,NRT,0 days 01:14:00.000000000,1.23
258,183693583.0,UPD,NH,5.0,06-10-2023 12:45,Act,LAX,06-10-2023 14:53,NRT,0 days 02:08:00.000000000,2.13
259,183824493.0,UPD,NH,5.0,07-10-2023 12:45,Act,LAX,,NRT,,1.0899999999999999
260,183955403.0,UPD,NH,5.0,08-10-2023 12:45,Act,LAX,08-10-2023 12:48,NRT,0 days 00:03:00.000000000,0.05
261,184018636.0,UPD,NH,5.0,09-10-2023 12:45,Act,LAX,09-10-2023 12:50,NRT,0 days 00:05:00.000000000,0.08
262,184123679.0,UPD,NH,5.0,10-10-2023 12:45,Act,LAX,10-10-2023 12:59,NRT,0 days 00:14:00.000000000,0.23
263,184235682.0,UPD,NH,5.0,11-10-2023 12:45,Act,LAX,11-10-2023 13:27,NRT,0 days 00:42:00.000000000,0.7
264,184347748.0,UPD,NH,5.0,12-10-2023 12:45,Act,LAX,12-10-2023 12:49,NRT,0 days 00:04:00.000000000,0.07
265,184475527.0,UPD,NH,5.0,13-10-2023 12:45,Act,LAX,13-10-2023 12:59,NRT,0 days 00:14:00.000000000,0.23
266,184580066.0,UPD,NH,5.0,14-10-2023 12:45,Act,LAX,,NRT,,0.23666666666666666
267,184684605.0,UPD,NH,5.0,15-10-2023 12:45,Act,LAX,,NRT,,0.24333333333333335
268,184789144.0,UPD,NH,5.0,16-10-2023 12:45,Act,LAX,16-10-2023 13:00,NRT,0 days 00:15:00.000000000,0.25
269,184899378.0,UPD,NH,5.0,17-10-2023 12:45,Act,LAX,17-10-2023 12:47,NRT,0 days 00:02:00.000000000,0.03
270,185004448.0,UPD,NH,5.0,18-10-2023 12:45,Act,LAX,18-10-2023 13:00,NRT,0 days 00:15:00.000000000,0.25
271,185128338.0,UPD,NH,5.0,19-10-2023 12:45,Act,LAX,19-10-2023 13:12,NRT,0 days 00:27:00.000000000,0.45
272,185245228.0,UPD,NH,5.0,20-10-2023 12:45,Act,LAX,20-10-2023 12:49,NRT,0 days 00:04:00.000000000,0.07
273,185348072.5,UPD,NH,5.0,21-10-2023 12:45,Act,LAX,,NRT,,0.37500000000000006
274,185450917.0,UPD,NH,5.0,22-10-2023 12:45,Act,LAX,22-10-2023 13:26,NRT,0 days 00:41:00.000000000,0.68
275,185542538.0,UPD,NH,5.0,23-10-2023 12:45,Act,LAX,23-10-2023 12:47,NRT,0 days 00:02:00.000000000,0.03
276,185634712.0,UPD,NH,5.0,24-10-2023 12:45,Act,LAX,24-10-2023 12:52,NRT,0 days 00:07:00.000000000,0.12
277,185746994.0,UPD,NH,5.0,25-10-2023 12:45,Act,LAX,25-10-2023 13:28,NRT,0 days 00:43:00.000000000,0.72
278,185863336.0,UPD,NH,5.0,26-10-2023 12:45,Act,LAX,26-10-2023 13:04,NRT,0 days 00:19:00.000000000,0.32
279,185976758.0,UPD,NH,5.0,27-10-2023 12:45,Act,LAX,27-10-2023 12:49,NRT,0 days 00:04:00.000000000,0.07
280,177979972.0,UPD,NH,6.0,22-07-2023 17:00,Act,NRT,22-07-2023 17:16,LAX,0 days 00:16:00.000000000,0.27
281,178109930.0,UPD,NH,6.0,23-07-2023 17:00,Act,NRT,23-07-2023 17:11,LAX,0 days 00:11:00.000000000,0.18
282,178272294.0,UPD,NH,6.0,24-07-2023 17:00,Act,NRT,,LAX,,0.11499999999999999
283,178434658.0,UPD,NH,6.0,25-07-2023 17:00,Act,NRT,25-07-2023 17:03,LAX,0 days 00:03:00.000000000,0.05
284,178516048.0,UPD,NH,6.0,26-07-2023 17:00,Act,NRT,26-07-2023 17:06,LAX,0 days 00:06:00.000000000,0.1
285,178653090.0,UPD,NH,6.0,27-07-2023 17:00,Act,NRT,27-07-2023 17:01,LAX,0 days 00:01:00.000000000,0.02
286,178803882.0,UPD,NH,6.0,28-07-2023 17:00,Act,NRT,28-07-2023 17:12,LAX,0 days 00:12:00.000000000,0.2
287,178940401.0,UPD,NH,6.0,29-07-2023 17:00,Act,NRT,29-07-2023 17:09,LAX,0 days 00:09:00.000000000,0.15
288,179107709.5,UPD,NH,6.0,30-07-2023 17:00,Act,NRT,,LAX,,0.14
289,179275018.0,UPD,NH,6.0,31-07-2023 17:00,Act,NRT,31-07-2023 17:08,LAX,0 days 00:08:00.000000000,0.13
290,179409733.0,UPD,NH,6.0,01-08-2023 17:00,Act,NRT,01-08-2023 17:23,LAX,0 days 00:23:00.000000000,0.38
291,179479420.0,UPD,NH,6.0,02-08-2023 17:00,Act,NRT,02-08-2023 17:08,LAX,0 days 00:08:00.000000000,0.13
292,179616877.0,UPD,NH,6.0,03-08-2023 17:00,Act,NRT,03-08-2023 17:51,LAX,0 days 00:51:00.000000000,0.85
293,179740148.0,UPD,NH,6.0,04-08-2023 17:00,Act,NRT,04-08-2023 17:56,LAX,0 days 00:56:00.000000000,0.93
294,179912334.0,UPD,NH,6.0,05-08-2023 17:00,Act,NRT,05-08-2023 17:00,LAX,0 days 00:00:00.000000000,0.0
295,179983670.0,UPD,NH,6.0,06-08-2023 17:00,Act,NRT,06-08-2023 17:05,LAX,0 days 00:05:00.000000000,0.08
296,180114413.0,UPD,NH,6.0,07-08-2023 17:00,Act,NRT,07-08-2023 17:00,LAX,0 days 00:00:00.000000000,0.0
297,180236993.0,UPD,NH,6.0,08-08-2023 17:00,Act,NRT,08-08-2023 17:00,LAX,0 days 00:00:00.000000000,0.0
298,180368183.0,UPD,NH,6.0,09-08-2023 17:00,Act,NRT,09-08-2023 17:00,LAX,0 days 00:00:00.000000000,0.0
299,180484561.0,UPD,NH,6.0,10-08-2023 17:00,Act,NRT,10-08-2023 17:02,LAX,0 days 00:02:00.000000000,0.03
300,180620711.0,UPD,NH,6.0,11-08-2023 17:00,Act,NRT,11-08-2023 17:14,LAX,0 days 00:14:00.000000000,0.23
301,180677267.0,UPD,NH,6.0,12-08-2023 17:00,Act,NRT,12-08-2023 17:00,LAX,0 days 00:00:00.000000000,0.0
302,180857441.2222222,UPD,NH,6.0,13-08-2023 17:00,Act,NRT,,LAX,,0.016666666666666666
303,181037615.44444445,UPD,NH,6.0,14-08-2023 17:00,Act,NRT,,LAX,,0.03333333333333333
304,181217789.66666666,UPD,NH,6.0,15-08-2023 17:00,Act,NRT,,LAX,,0.05
305,181397963.8888889,UPD,NH,6.0,16-08-2023 17:00,Act,NRT,,LAX,,0.06666666666666667
306,181578138.1111111,UPD,NH,6.0,17-08-2023 17:00,Act,NRT,,LAX,,0.08333333333333333
307,181758312.33333334,UPD,NH,6.0,18-08-2023 17:00,Act,NRT,,LAX,,0.1
308,181938486.55555555,UPD,NH,6.0,19-08-2023 17:00,Act,NRT,,LAX,,0.11666666666666667
309,182118660.7777778,UPD,NH,6.0,20-08-2023 17:00,Act,NRT,,LAX,,0.13333333333333333
310,182298835.0,UPD,NH,6.0,21-08-2023 17:00,Act,NRT,21-08-2023 17:09,LAX,0 days 00:09:00.000000000,0.15
311,182308300.5,UPD,NH,6.0,22-08-2023 17:00,Act,NRT,,LAX,,0.19
312,182317766.0,UPD,NH,6.0,23-08-2023 17:00,Act,NRT,23-08-2023 17:14,LAX,0 days 00:14:00.000000000,0.23
313,182331807.5,UPD,NH,6.0,24-08-2023 17:00,Act,NRT,,LAX,,0.175
314,182345849.0,UPD,NH,6.0,25-08-2023 17:00,Act,NRT,25-08-2023 17:07,LAX,0 days 00:07:00.000000000,0.12
315,182357018.0,UPD,NH,6.0,26-08-2023 17:00,Act,NRT,,LAX,,0.12
316,182368187.0,UPD,NH,6.0,27-08-2023 17:00,Act,NRT,27-08-2023 17:07,LAX,0 days 00:07:00.000000000,0.12
317,182377341.5,UPD,NH,6.0,28-08-2023 17:00,Act,NRT,,LAX,,0.125
318,182386496.0,UPD,NH,6.0,29-08-2023 17:00,Act,NRT,29-08-2023 17:08,LAX,0 days 00:08:00.000000000,0.13
319,182397517.0,UPD,NH,6.0,30-08-2023 17:00,Act,NRT,,LAX,,0.45
320,182408538.0,UPD,NH,6.0,31-08-2023 17:00,Act,NRT,31-08-2023 17:46,LAX,0 days 00:46:00.000000000,0.77
321,182418632.0,UPD,NH,6.0,01-09-2023 17:00,Act,NRT,,LAX,,0.445
322,182428726.0,UPD,NH,6.0,02-09-2023 17:00,Act,NRT,02-09-2023 17:07,LAX,0 days 00:07:00.000000000,0.12
323,182439080.5,UPD,NH,6.0,03-09-2023 17:00,Act,NRT,,LAX,,0.08499999999999999
324,182449435.0,UPD,NH,6.0,04-09-2023 17:00,Act,NRT,04-09-2023 17:03,LAX,0 days 00:03:00.000000000,0.05
325,182459904.0,UPD,NH,6.0,05-09-2023 17:00,Act,NRT,,LAX,,0.060000000000000005
326,182470373.0,UPD,NH,6.0,06-09-2023 17:00,Act,NRT,06-09-2023 17:04,LAX,0 days 00:04:00.000000000,0.07
327,182481870.0,UPD,NH,6.0,07-09-2023 17:00,Act,NRT,,LAX,,0.22
328,182493367.0,UPD,NH,6.0,08-09-2023 17:00,Act,NRT,08-09-2023 17:22,LAX,0 days 00:22:00.000000000,0.37
329,182506063.5,UPD,NH,6.0,09-09-2023 17:00,Act,NRT,,LAX,,0.26
330,182518760.0,UPD,NH,6.0,10-09-2023 17:00,Act,NRT,10-09-2023 17:09,LAX,0 days 00:09:00.000000000,0.15
331,182528811.0,UPD,NH,6.0,11-09-2023 17:00,Act,NRT,,LAX,,0.075
332,182538862.0,UPD,NH,6.0,12-09-2023 17:00,Act,NRT,12-09-2023 17:00,LAX,0 days 00:00:00.000000000,0.0
333,182549686.5,UPD,NH,6.0,13-09-2023 17:00,Act,NRT,,LAX,,0.015
334,182560511.0,UPD,NH,6.0,14-09-2023 17:00,Act,NRT,14-09-2023 17:02,LAX,0 days 00:02:00.000000000,0.03
335,182568963.0,UPD,NH,6.0,15-09-2023 17:00,Act,NRT,,LAX,,0.1
336,182577415.0,UPD,NH,6.0,16-09-2023 17:00,Act,NRT,16-09-2023 17:10,LAX,0 days 00:10:00.000000000,0.17
337,182588609.0,UPD,NH,6.0,17-09-2023 17:00,Act,NRT,,LAX,,0.14500000000000002
338,182599803.0,UPD,NH,6.0,18-09-2023 17:00,Act,NRT,18-09-2023 17:07,LAX,0 days 00:07:00.000000000,0.12
339,182609674.5,UPD,NH,6.0,19-09-2023 17:00,Act,NRT,,LAX,,0.35
340,182619546.0,UPD,NH,6.0,20-09-2023 17:00,Act,NRT,20-09-2023 17:35,LAX,0 days 00:35:00.000000000,0.58
341,182626580.16666666,UPD,NH,6.0,21-09-2023 17:00,Act,NRT,,LAX,,0.505
342,182633614.33333334,UPD,NH,6.0,22-09-2023 17:00,Act,NRT,,LAX,,0.42999999999999994
343,182640648.5,UPD,NH,6.0,23-09-2023 17:00,Act,NRT,,LAX,,0.355
344,182647682.66666666,UPD,NH,6.0,24-09-2023 17:00,Act,NRT,,LAX,,0.27999999999999997
345,182654716.83333334,UPD,NH,6.0,25-09-2023 17:00,Act,NRT,,LAX,,0.20499999999999996
346,182661751.0,UPD,NH,6.0,26-09-2023 17:00,Act,NRT,26-09-2023 17:08,LAX,0 days 00:08:00.000000000,0.13
347,182670188.0,UPD,NH,6.0,27-09-2023 17:00,Act,NRT,,LAX,,0.155
348,182678625.0,UPD,NH,6.0,28-09-2023 17:00,Act,NRT,28-09-2023 17:11,LAX,0 days 00:11:00.000000000,0.18
349,182839436.0,UPD,NH,6.0,29-09-2023 17:00,Act,NRT,29-09-2023 17:03,LAX,0 days 00:03:00.000000000,0.05
350,182956059.0,UPD,NH,6.0,30-09-2023 17:00,Act,NRT,,LAX,,0.05
351,183072682.0,UPD,NH,6.0,01-10-2023 17:00,Act,NRT,01-10-2023 17:03,LAX,0 days 00:03:00.000000000,0.05
352,183189017.0,UPD,NH,6.0,02-10-2023 17:00,Act,NRT,02-10-2023 17:07,LAX,0 days 00:07:00.000000000,0.12
353,183298706.5,UPD,NH,6.0,03-10-2023 17:00,Act,NRT,,LAX,,0.62
354,183408396.0,UPD,NH,6.0,04-10-2023 17:00,Act,NRT,04-10-2023 18:07,LAX,0 days 01:07:00.000000000,1.12
355,183513163.0,UPD,NH,6.0,05-10-2023 17:00,Act,NRT,05-10-2023 18:55,LAX,0 days 01:55:00.000000000,1.92
356,183628125.0,UPD,NH,6.0,06-10-2023 17:00,Act,NRT,06-10-2023 17:02,LAX,0 days 00:02:00.000000000,0.03
357,183739704.0,UPD,NH,6.0,07-10-2023 17:00,Act,NRT,07-10-2023 17:00,LAX,0 days 00:00:00.000000000,0.0
358,183850154.0,UPD,NH,6.0,08-10-2023 17:00,Act,NRT,08-10-2023 17:00,LAX,0 days 00:00:00.000000000,0.0
359,183957904.33333334,UPD,NH,6.0,09-10-2023 17:00,Act,NRT,,LAX,,0.01
360,184065654.66666666,UPD,NH,6.0,10-10-2023 17:00,Act,NRT,,LAX,,0.02
361,184173405.0,UPD,NH,6.0,11-10-2023 17:00,Act,NRT,11-10-2023 17:02,LAX,0 days 00:02:00.000000000,0.03
362,184290581.0,UPD,NH,6.0,12-10-2023 17:00,Act,NRT,12-10-2023 17:06,LAX,0 days 00:06:00.000000000,0.1
363,184409825.0,UPD,NH,6.0,13-10-2023 17:00,Act,NRT,13-10-2023 17:05,LAX,0 days 00:05:00.000000000,0.08
364,184525692.0,UPD,NH,6.0,14-10-2023 17:00,Act,NRT,14-10-2023 17:08,LAX,0 days 00:08:00.000000000,0.13
365,184617293.0,UPD,NH,6.0,15-10-2023 17:00,Act,NRT,15-10-2023 17:01,LAX,0 days 00:01:00.000000000,0.02
366,184731853.0,UPD,NH,6.0,16-10-2023 17:00,Act,NRT,,LAX,,0.085
367,184846413.0,UPD,NH,6.0,17-10-2023 17:00,Act,NRT,17-10-2023 17:09,LAX,0 days 00:09:00.000000000,0.15
368,184956851.0,UPD,NH,6.0,18-10-2023 17:00,Act,NRT,18-10-2023 17:13,LAX,0 days 00:13:00.000000000,0.22
369,185058448.0,UPD,NH,6.0,19-10-2023 17:00,Act,NRT,19-10-2023 17:02,LAX,0 days 00:02:00.000000000,0.03
370,185173211.0,UPD,NH,6.0,20-10-2023 17:00,Act,NRT,,LAX,,0.27
371,185287974.0,UPD,NH,6.0,21-10-2023 17:00,Act,NRT,,LAX,,0.51
372,185402737.0,UPD,NH,6.0,22-10-2023 17:00,Act,NRT,22-10-2023 17:45,LAX,0 days 00:45:00.000000000,0.75
373,185496199.0,UPD,NH,6.0,23-10-2023 17:00,Act,NRT,23-10-2023 17:02,LAX,0 days 00:02:00.000000000,0.03
374,185587454.0,UPD,NH,6.0,24-10-2023 17:00,Act,NRT,24-10-2023 17:05,LAX,0 days 00:05:00.000000000,0.08
375,185710127.5,UPD,NH,6.0,25-10-2023 17:00,Act,NRT,,LAX,,0.0925
376,185832801.0,UPD,NH,6.0,26-10-2023 17:00,Act,NRT,,LAX,,0.10500000000000001
377,185955474.5,UPD,NH,6.0,27-10-2023 17:00,Act,NRT,,LAX,,0.11750000000000001
378,186078148.0,UPD,NH,6.0,28-10-2023 17:00,Act,NRT,28-10-2023 17:08,LAX,0 days 00:08:00.000000000,0.13
379,186135443.0,UPD,NH,6.0,29-10-2023 17:00,Act,NRT,29-10-2023 17:14,LAX,0 days 00:14:00.000000000,0.23
380,186243552.5,UPD,NH,6.0,30-10-2023 17:00,Act,NRT,,LAX,,0.115
381,186351662.0,UPD,NH,6.0,31-10-2023 17:00,Act,NRT,31-10-2023 17:00,LAX,0 days 00:00:00.000000000,0.0
382,186450737.0,UPD,NH,6.0,01-11-2023 17:00,Act,NRT,01-11-2023 17:14,LAX,0 days 00:14:00.000000000,0.23
383,186543828.0,UPD,NH,6.0,02-11-2023 17:00,Act,NRT,02-11-2023 17:00,LAX,0 days 00:00:00.000000000,0.0
384,186644358.0,UPD,NH,6.0,03-11-2023 17:00,Act,NRT,03-11-2023 17:02,LAX,0 days 00:02:00.000000000,0.03
385,186744322.0,UPD,NH,6.0,04-11-2023 17:00,Act,NRT,04-11-2023 17:43,LAX,0 days 00:43:00.000000000,0.72
386,186838636.0,UPD,NH,6.0,05-11-2023 17:00,Act,NRT,05-11-2023 17:02,LAX,0 days 00:02:00.000000000,0.03
387,186938346.0,UPD,NH,6.0,06-11-2023 17:00,Act,NRT,06-11-2023 17:06,LAX,0 days 00:06:00.000000000,0.1
388,177611543.0,UPD,EK,1.0,19-07-2023 07:45,Act,DXB,19-07-2023 07:56,LHR,0 days 00:11:00.000000000,0.18
389,177722429.0,UPD,EK,1.0,20-07-2023 07:45,Act,DXB,20-07-2023 08:13,LHR,0 days 00:28:00.000000000,0.47
390,177854432.0,UPD,EK,1.0,21-07-2023 07:45,Act,DXB,21-07-2023 08:07,LHR,0 days 00:22:00.000000000,0.37
391,177995598.0,UPD,EK,1.0,22-07-2023 07:45,Act,DXB,22-07-2023 08:08,LHR,0 days 00:23:00.000000000,0.38
392,178107203.0,UPD,EK,1.0,23-07-2023 07:45,Act,DXB,23-07-2023 08:14,LHR,0 days 00:29:00.000000000,0.48
393,178246226.0,UPD,EK,1.0,24-07-2023 07:45,Act,DXB,24-07-2023 07:53,LHR,0 days 00:08:00.000000000,0.13
394,178385944.0,UPD,EK,1.0,25-07-2023 07:45,Act,DXB,25-07-2023 07:53,LHR,0 days 00:08:00.000000000,0.13
395,178494244.0,UPD,EK,1.0,26-07-2023 07:45,Act,DXB,26-07-2023 07:54,LHR,0 days 00:09:00.000000000,0.15
396,178659343.0,UPD,EK,1.0,27-07-2023 07:45,Act,DXB,27-07-2023 08:14,LHR,0 days 00:29:00.000000000,0.48
397,178783511.0,UPD,EK,1.0,28-07-2023 07:45,Act,DXB,28-07-2023 08:10,LHR,0 days 00:25:00.000000000,0.42
398,178915636.0,UPD,EK,1.0,29-07-2023 07:45,Act,DXB,29-07-2023 07:53,LHR,0 days 00:08:00.000000000,0.13
399,179083610.0,UPD,EK,1.0,30-07-2023 07:45,Act,DXB,30-07-2023 07:56,LHR,0 days 00:11:00.000000000,0.18
400,179223722.0,UPD,EK,1.0,31-07-2023 07:45,Act,DXB,31-07-2023 07:52,LHR,0 days 00:07:00.000000000,0.12
401,179345735.0,UPD,EK,1.0,01-08-2023 07:45,Act,DXB,01-08-2023 08:25,LHR,0 days 00:40:00.000000000,0.67
402,179467472.0,UPD,EK,1.0,02-08-2023 07:45,Act,DXB,02-08-2023 08:13,LHR,0 days 00:28:00.000000000,0.47
403,179616734.0,UPD,EK,1.0,03-08-2023 07:45,Act,DXB,03-08-2023 07:49,LHR,0 days 00:04:00.000000000,0.07
404,179735755.0,UPD,EK,1.0,04-08-2023 07:45,Act,DXB,04-08-2023 08:19,LHR,0 days 00:34:00.000000000,0.57
405,179867893.0,UPD,EK,1.0,05-08-2023 07:45,Act,DXB,05-08-2023 08:03,LHR,0 days 00:18:00.000000000,0.3
406,179984211.0,UPD,EK,1.0,06-08-2023 07:45,Act,DXB,06-08-2023 08:14,LHR,0 days 00:29:00.000000000,0.48
407,180128771.0,UPD,EK,1.0,07-08-2023 07:45,Act,DXB,07-08-2023 07:55,LHR,0 days 00:10:00.000000000,0.17
408,180246704.0,UPD,EK,1.0,08-08-2023 07:45,Act,DXB,08-08-2023 08:10,LHR,0 days 00:25:00.000000000,0.42
409,180343476.0,UPD,EK,1.0,09-08-2023 07:45,Act,DXB,09-08-2023 07:47,LHR,0 days 00:02:00.000000000,0.03
410,180469437.0,UPD,EK,1.0,10-08-2023 07:45,Act,DXB,10-08-2023 08:09,LHR,0 days 00:24:00.000000000,0.4
411,180635992.0,UPD,EK,1.0,11-08-2023 07:45,Act,DXB,11-08-2023 07:53,LHR,0 days 00:08:00.000000000,0.13
412,180657225.0,UPD,EK,1.0,12-08-2023 07:45,Act,DXB,12-08-2023 07:45,LHR,0 days 00:00:00.000000000,0.0
413,180839498.0,UPD,EK,1.0,13-08-2023 07:45,Act,DXB,,LHR,,0.08555555555555555
414,181021771.0,UPD,EK,1.0,14-08-2023 07:45,Act,DXB,,LHR,,0.1711111111111111
415,181204044.0,UPD,EK,1.0,15-08-2023 07:45,Act,DXB,,LHR,,0.25666666666666665
416,181386317.0,UPD,EK,1.0,16-08-2023 07:45,Act,DXB,,LHR,,0.3422222222222222
417,181568590.0,UPD,EK,1.0,17-08-2023 07:45,Act,DXB,,LHR,,0.42777777777777776
418,181750863.0,UPD,EK,1.0,18-08-2023 07:45,Act,DXB,,LHR,,0.5133333333333333
419,181933136.0,UPD,EK,1.0,19-08-2023 07:45,Act,DXB,,LHR,,0.5988888888888888
420,182115409.0,UPD,EK,1.0,20-08-2023 07:45,Act,DXB,,LHR,,0.6844444444444444
421,182297682.0,UPD,EK,1.0,21-08-2023 07:45,Act,DXB,21-08-2023 08:31,LHR,0 days 00:46:00.000000000,0.77
422,182308073.0,UPD,EK,1.0,22-08-2023 07:45,Act,DXB,,LHR,,0.495
423,182318464.0,UPD,EK,1.0,23-08-2023 07:45,Act,DXB,23-08-2023 07:58,LHR,0 days 00:13:00.000000000,0.22
424,182327366.0,UPD,EK,1.0,24-08-2023 07:45,Act,DXB,,LHR,,0.245
425,182336268.0,UPD,EK,1.0,25-08-2023 07:45,Act,DXB,25-08-2023 08:01,LHR,0 days 00:16:00.000000000,0.27
426,182350739.0,UPD,EK,1.0,26-08-2023 07:45,Act,DXB,,LHR,,0.29500000000000004
427,182365210.0,UPD,EK,1.0,27-08-2023 07:45,Act,DXB,27-08-2023 08:04,LHR,0 days 00:19:00.000000000,0.32
428,182373342.5,UPD,EK,1.0,28-08-2023 07:45,Act,DXB,,LHR,,0.2
429,182381475.0,UPD,EK,1.0,29-08-2023 07:45,Act,DXB,29-08-2023 07:50,LHR,0 days 00:05:00.000000000,0.08
430,182392801.0,UPD,EK,1.0,30-08-2023 07:45,Act,DXB,,LHR,,0.14
431,182404127.0,UPD,EK,1.0,31-08-2023 07:45,Act,DXB,31-08-2023 07:57,LHR,0 days 00:12:00.000000000,0.2
432,182414153.0,UPD,EK,1.0,01-09-2023 07:45,Act,DXB,,LHR,,0.165
433,182424179.0,UPD,EK,1.0,02-09-2023 07:45,Act,DXB,02-09-2023 07:53,LHR,0 days 00:08:00.000000000,0.13
434,182438345.0,UPD,EK,1.0,03-09-2023 07:45,Act,DXB,,LHR,,0.215
435,182452511.0,UPD,EK,1.0,04-09-2023 07:45,Act,DXB,04-09-2023 08:03,LHR,0 days 00:18:00.000000000,0.3
436,182461662.5,UPD,EK,1.0,05-09-2023 07:45,Act,DXB,,LHR,,0.275
437,182470814.0,UPD,EK,1.0,06-09-2023 07:45,Act,DXB,06-09-2023 08:00,LHR,0 days 00:15:00.000000000,0.25
438,182479893.5,UPD,EK,1.0,07-09-2023 07:45,Act,DXB,,LHR,,0.35
439,182488973.0,UPD,EK,1.0,08-09-2023 07:45,Act,DXB,08-09-2023 08:12,LHR,0 days 00:27:00.000000000,0.45
440,182500671.5,UPD,EK,1.0,09-09-2023 07:45,Act,DXB,,LHR,,0.435
441,182512370.0,UPD,EK,1.0,10-09-2023 07:45,Act,DXB,10-09-2023 08:10,LHR,0 days 00:25:00.000000000,0.42
442,182522135.5,UPD,EK,1.0,11-09-2023 07:45,Act,DXB,,LHR,,0.31
443,182531901.0,UPD,EK,1.0,12-09-2023 07:45,Act,DXB,12-09-2023 07:57,LHR,0 days 00:12:00.000000000,0.2
444,182545414.5,UPD,EK,1.0,13-09-2023 07:45,Act,DXB,,LHR,,0.115
445,182558928.0,UPD,EK,1.0,14-09-2023 07:45,Act,DXB,14-09-2023 07:47,LHR,0 days 00:02:00.000000000,0.03
446,182568277.0,UPD,EK,1.0,15-09-2023 07:45,Act,DXB,,LHR,,0.1
447,182577626.0,UPD,EK,1.0,16-09-2023 07:45,Act,DXB,16-09-2023 07:55,LHR,0 days 00:10:00.000000000,0.17
448,182586878.5,UPD,EK,1.0,17-09-2023 07:45,Act,DXB,,LHR,,0.345
449,182596131.0,UPD,EK,1.0,18-09-2023 07:45,Act,DXB,18-09-2023 08:16,LHR,0 days 00:31:00.000000000,0.52
450,182607727.5,UPD,EK,1.0,19-09-2023 07:45,Act,DXB,,LHR,,0.335
451,182619324.0,UPD,EK,1.0,20-09-2023 07:45,Act,DXB,20-09-2023 07:54,LHR,0 days 00:09:00.000000000,0.15
452,182624440.25,UPD,EK,1.0,21-09-2023 07:45,Act,DXB,,LHR,,0.1925
453,182629556.5,UPD,EK,1.0,22-09-2023 07:45,Act,DXB,,LHR,,0.235
454,182634672.75,UPD,EK,1.0,23-09-2023 07:45,Act,DXB,,LHR,,0.27749999999999997
455,182639789.0,UPD,EK,1.0,24-09-2023 07:45,Act,DXB,24-09-2023 08:04,LHR,0 days 00:19:00.000000000,0.32
456,182649013.0,UPD,EK,1.0,25-09-2023 07:45,Act,DXB,,LHR,,0.275
457,182658237.0,UPD,EK,1.0,26-09-2023 07:45,Act,DXB,26-09-2023 07:59,LHR,0 days 00:14:00.000000000,0.23
458,182666764.0,UPD,EK,1.0,27-09-2023 07:45,Act,DXB,,LHR,,0.19
459,182675291.0,UPD,EK,1.0,28-09-2023 07:45,Act,DXB,28-09-2023 07:54,LHR,0 days 00:09:00.000000000,0.15
460,182925506.0,UPD,EK,1.0,29-09-2023 07:45,Act,DXB,29-09-2023 08:07,LHR,0 days 00:22:00.000000000,0.37
461,182960475.0,UPD,EK,1.0,30-09-2023 07:45,Act,DXB,30-09-2023 08:07,LHR,0 days 00:22:00.000000000,0.37
462,183055066.0,UPD,EK,1.0,01-10-2023 07:45,Act,DXB,01-10-2023 07:52,LHR,0 days 00:07:00.000000000,0.12
463,183174583.0,UPD,EK,1.0,02-10-2023 07:45,Act,DXB,02-10-2023 07:56,LHR,0 days 00:11:00.000000000,0.18
464,183277382.0,UPD,EK,1.0,03-10-2023 07:45,Act,DXB,03-10-2023 07:54,LHR,0 days 00:09:00.000000000,0.15
465,183387283.0,UPD,EK,1.0,04-10-2023 07:45,Act,DXB,04-10-2023 08:04,LHR,0 days 00:19:00.000000000,0.32
466,183488422.0,UPD,EK,1.0,05-10-2023 07:45,Act,DXB,05-10-2023 07:52,LHR,0 days 00:07:00.000000000,0.12
467,183608449.0,UPD,EK,1.0,06-10-2023 07:45,Act,DXB,06-10-2023 08:00,LHR,0 days 00:15:00.000000000,0.25
468,183724541.0,UPD,EK,1.0,07-10-2023 07:45,Act,DXB,07-10-2023 07:57,LHR,0 days 00:12:00.000000000,0.2
469,183836520.0,UPD,EK,1.0,08-10-2023 07:45,Act,DXB,08-10-2023 08:02,LHR,0 days 00:17:00.000000000,0.28
470,183946861.0,UPD,EK,1.0,09-10-2023 07:45,Act,DXB,09-10-2023 08:09,LHR,0 days 00:24:00.000000000,0.4
471,184057055.0,UPD,EK,1.0,10-10-2023 07:45,Act,DXB,10-10-2023 08:01,LHR,0 days 00:16:00.000000000,0.27
472,184157555.0,UPD,EK,1.0,11-10-2023 07:45,Act,DXB,11-10-2023 07:50,LHR,0 days 00:05:00.000000000,0.08
473,184270970.0,UPD,EK,1.0,12-10-2023 07:45,Act,DXB,12-10-2023 08:03,LHR,0 days 00:18:00.000000000,0.3
474,184392089.0,UPD,EK,1.0,13-10-2023 07:45,Act,DXB,13-10-2023 08:01,LHR,0 days 00:16:00.000000000,0.27
475,184507119.0,UPD,EK,1.0,14-10-2023 07:45,Act,DXB,14-10-2023 07:48,LHR,0 days 00:03:00.000000000,0.05
476,184607152.0,UPD,EK,1.0,15-10-2023 07:45,Act,DXB,15-10-2023 08:04,LHR,0 days 00:19:00.000000000,0.32
477,184714776.0,UPD,EK,1.0,16-10-2023 07:45,Act,DXB,16-10-2023 07:46,LHR,0 days 00:01:00.000000000,0.02
478,184831809.0,UPD,EK,1.0,17-10-2023 07:45,Act,DXB,17-10-2023 07:48,LHR,0 days 00:03:00.000000000,0.05
479,184933133.0,UPD,EK,1.0,18-10-2023 07:45,Act,DXB,18-10-2023 07:53,LHR,0 days 00:08:00.000000000,0.13
480,185042589.0,UPD,EK,1.0,19-10-2023 07:45,Act,DXB,19-10-2023 07:48,LHR,0 days 00:03:00.000000000,0.05
481,185166499.0,UPD,EK,1.0,20-10-2023 07:45,Act,DXB,20-10-2023 07:49,LHR,0 days 00:04:00.000000000,0.07
482,185283990.0,UPD,EK,1.0,21-10-2023 07:45,Act,DXB,21-10-2023 08:01,LHR,0 days 00:16:00.000000000,0.27
483,185383437.0,UPD,EK,1.0,22-10-2023 07:45,Act,DXB,22-10-2023 08:04,LHR,0 days 00:19:00.000000000,0.32
484,185481605.0,UPD,EK,1.0,23-10-2023 07:45,Act,DXB,23-10-2023 07:51,LHR,0 days 00:06:00.000000000,0.1
485,185576895.0,UPD,EK,1.0,24-10-2023 07:45,Act,DXB,24-10-2023 08:00,LHR,0 days 00:15:00.000000000,0.25
486,185669598.0,UPD,EK,1.0,25-10-2023 07:45,Act,DXB,25-10-2023 08:02,LHR,0 days 00:17:00.000000000,0.28
487,185781552.0,UPD,EK,1.0,26-10-2023 07:45,Act,DXB,26-10-2023 07:58,LHR,0 days 00:13:00.000000000,0.22
488,185898865.0,UPD,EK,1.0,27-10-2023 07:45,Act,DXB,27-10-2023 08:03,LHR,0 days 00:18:00.000000000,0.3
489,186020489.0,UPD,EK,1.0,28-10-2023 07:45,Act,DXB,28-10-2023 08:15,LHR,0 days 00:30:00.000000000,0.5
490,186136909.0,UPD,EK,1.0,29-10-2023 07:45,Act,DXB,29-10-2023 08:01,LHR,0 days 00:16:00.000000000,0.27
491,186232200.0,UPD,EK,1.0,30-10-2023 07:45,Act,DXB,30-10-2023 07:53,LHR,0 days 00:08:00.000000000,0.13
492,186341063.0,UPD,EK,1.0,31-10-2023 07:45,Act,DXB,31-10-2023 08:11,LHR,0 days 00:26:00.000000000,0.43
493,186435372.0,UPD,EK,1.0,01-11-2023 07:45,Act,DXB,01-11-2023 08:10,LHR,0 days 00:25:00.000000000,0.42
494,186533375.0,UPD,EK,1.0,02-11-2023 07:45,Act,DXB,02-11-2023 08:03,LHR,0 days 00:18:00.000000000,0.3
495,186629287.0,UPD,EK,1.0,03-11-2023 07:45,Act,DXB,03-11-2023 07:56,LHR,0 days 00:11:00.000000000,0.18
496,186728473.0,UPD,EK,1.0,04-11-2023 07:45,Act,DXB,04-11-2023 07:45,LHR,0 days 00:00:00.000000000,0.0
497,186827234.0,UPD,EK,1.0,05-11-2023 07:45,Act,DXB,05-11-2023 08:17,LHR,0 days 00:32:00.000000000,0.53
498,186923594.0,UPD,EK,1.0,06-11-2023 07:45,Act,DXB,06-11-2023 07:50,LHR,0 days 00:05:00.000000000,0.08
499,177576173.0,UPD,EK,2.0,18-07-2023 14:20,Act,LHR,18-07-2023 14:25,DXB,0 days 00:05:00.000000000,0.08
500,177677931.0,UPD,EK,2.0,19-07-2023 14:20,Act,LHR,19-07-2023 14:28,DXB,0 days 00:08:00.000000000,0.13
501,177755075.0,UPD,EK,2.0,20-07-2023 14:20,Act,LHR,20-07-2023 14:54,DXB,0 days 00:34:00.000000000,0.57
502,177899001.0,UPD,EK,2.0,21-07-2023 14:20,Act,LHR,21-07-2023 15:01,DXB,0 days 00:41:00.000000000,0.68
503,178006938.0,UPD,EK,2.0,22-07-2023 14:20,Act,LHR,22-07-2023 14:59,DXB,0 days 00:39:00.000000000,0.65
504,178177750.0,UPD,EK,2.0,23-07-2023 14:20,Act,LHR,23-07-2023 15:14,DXB,0 days 00:54:00.000000000,0.9
505,178288259.0,UPD,EK,2.0,24-07-2023 14:20,Act,LHR,24-07-2023 14:43,DXB,0 days 00:23:00.000000000,0.38
506,178455399.0,UPD,EK,2.0,25-07-2023 14:20,Act,LHR,25-07-2023 14:56,DXB,0 days 00:36:00.000000000,0.6
507,178591718.0,UPD,EK,2.0,26-07-2023 14:20,Act,LHR,26-07-2023 15:01,DXB,0 days 00:41:00.000000000,0.68
508,178688225.0,UPD,EK,2.0,27-07-2023 14:20,Act,LHR,27-07-2023 14:54,DXB,0 days 00:34:00.000000000,0.57
509,178861849.0,UPD,EK,2.0,28-07-2023 14:20,Act,LHR,28-07-2023 15:29,DXB,0 days 01:09:00.000000000,1.15
510,179007336.0,UPD,EK,2.0,29-07-2023 14:20,Act,LHR,29-07-2023 14:56,DXB,0 days 00:36:00.000000000,0.6
511,179105826.0,UPD,EK,2.0,30-07-2023 14:20,Act,LHR,30-07-2023 14:29,DXB,0 days 00:09:00.000000000,0.15
512,179291118.0,UPD,EK,2.0,31-07-2023 14:20,Act,LHR,31-07-2023 14:48,DXB,0 days 00:28:00.000000000,0.47
513,179380431.0,UPD,EK,2.0,01-08-2023 14:20,Act,LHR,01-08-2023 14:42,DXB,0 days 00:22:00.000000000,0.37
514,179546720.0,UPD,EK,2.0,02-08-2023 14:20,Act,LHR,02-08-2023 15:06,DXB,0 days 00:46:00.000000000,0.77
515,179677421.5,UPD,EK,2.0,03-08-2023 14:20,Act,LHR,,DXB,,0.6699999999999999
516,179808123.0,UPD,EK,2.0,04-08-2023 14:20,Act,LHR,04-08-2023 14:54,DXB,0 days 00:34:00.000000000,0.57
517,179931353.0,UPD,EK,2.0,05-08-2023 14:20,Act,LHR,05-08-2023 16:05,DXB,0 days 01:45:00.000000000,1.75
518,180036738.0,UPD,EK,2.0,06-08-2023 14:20,Act,LHR,06-08-2023 14:22,DXB,0 days 00:02:00.000000000,0.03
519,180172322.0,UPD,EK,2.0,07-08-2023 14:20,Act,LHR,07-08-2023 14:53,DXB,0 days 00:33:00.000000000,0.55
520,180306041.0,UPD,EK,2.0,08-08-2023 14:20,Act,LHR,08-08-2023 15:01,DXB,0 days 00:41:00.000000000,0.68
521,180411667.0,UPD,EK,2.0,09-08-2023 14:20,Act,LHR,09-08-2023 14:25,DXB,0 days 00:05:00.000000000,0.08
522,180526655.0,UPD,EK,2.0,10-08-2023 14:20,Act,LHR,10-08-2023 15:03,DXB,0 days 00:43:00.000000000,0.72
523,180678388.0,UPD,EK,2.0,11-08-2023 14:20,Act,LHR,11-08-2023 14:26,DXB,0 days 00:06:00.000000000,0.1
524,180813637.58333334,UPD,EK,2.0,12-08-2023 14:20,Act,LHR,,DXB,,0.09583333333333334
525,180948887.16666666,UPD,EK,2.0,13-08-2023 14:20,Act,LHR,,DXB,,0.09166666666666667
526,181084136.75,UPD,EK,2.0,14-08-2023 14:20,Act,LHR,,DXB,,0.08750000000000001
527,181219386.33333334,UPD,EK,2.0,15-08-2023 14:20,Act,LHR,,DXB,,0.08333333333333334
528,181354635.91666666,UPD,EK,2.0,16-08-2023 14:20,Act,LHR,,DXB,,0.07916666666666668
529,181489885.5,UPD,EK,2.0,17-08-2023 14:20,Act,LHR,,DXB,,0.07500000000000001
530,181625135.08333334,UPD,EK,2.0,18-08-2023 14:20,Act,LHR,,DXB,,0.07083333333333333
531,181760384.66666666,UPD,EK,2.0,19-08-2023 14:20,Act,LHR,,DXB,,0.06666666666666668
532,181895634.25,UPD,EK,2.0,20-08-2023 14:20,Act,LHR,,DXB,,0.0625
533,182030883.83333334,UPD,EK,2.0,21-08-2023 14:20,Act,LHR,,DXB,,0.05833333333333334
534,182166133.41666666,UPD,EK,2.0,22-08-2023 14:20,Act,LHR,,DXB,,0.054166666666666675
535,182301383.0,UPD,EK,2.0,23-08-2023 14:20,Act,LHR,22-08-2023 14:23,DXB,0 days 00:03:00.000000000,0.05
536,182313032.0,UPD,EK,2.0,24-08-2023 14:20,Act,LHR,,DXB,,0.38499999999999995
537,182324681.0,UPD,EK,2.0,25-08-2023 14:20,Act,LHR,24-08-2023 15:03,DXB,0 days 00:43:00.000000000,0.72
538,182336589.0,UPD,EK,2.0,26-08-2023 14:20,Act,LHR,,DXB,,0.445
539,182348497.0,UPD,EK,2.0,27-08-2023 14:20,Act,LHR,26-08-2023 14:30,DXB,0 days 00:10:00.000000000,0.17
540,182361376.0,UPD,EK,2.0,28-08-2023 14:20,Act,LHR,,DXB,,0.57
541,182374255.0,UPD,EK,2.0,29-08-2023 14:20,Act,LHR,28-08-2023 15:18,DXB,0 days 00:58:00.000000000,0.97
542,182385708.5,UPD,EK,2.0,30-08-2023 14:20,Act,LHR,,DXB,,0.65
543,182397162.0,UPD,EK,2.0,31-08-2023 14:20,Act,LHR,30-08-2023 14:40,DXB,0 days 00:20:00.000000000,0.33
544,182411182.33333334,UPD,EK,2.0,01-09-2023 14:20,Act,LHR,,DXB,,0.22666666666666668
545,182425202.66666666,UPD,EK,2.0,02-09-2023 14:20,Act,LHR,,DXB,,0.12333333333333335
546,182439223.0,UPD,EK,2.0,03-09-2023 14:20,Act,LHR,03-09-2023 14:21,DXB,0 days 00:01:00.000000000,0.02
547,182448050.0,UPD,EK,2.0,04-09-2023 14:20,Act,LHR,,DXB,,0.06
548,182456877.0,UPD,EK,2.0,05-09-2023 14:20,Act,LHR,05-09-2023 14:26,DXB,0 days 00:06:00.000000000,0.1
549,182468552.5,UPD,EK,2.0,06-09-2023 14:20,Act,LHR,,DXB,,0.14
550,182480228.0,UPD,EK,2.0,07-09-2023 14:20,Act,LHR,07-09-2023 14:31,DXB,0 days 00:11:00.000000000,0.18
551,182490368.5,UPD,EK,2.0,08-09-2023 14:20,Act,LHR,,DXB,,0.375
552,182500509.0,UPD,EK,2.0,09-09-2023 14:20,Act,LHR,09-09-2023 14:54,DXB,0 days 00:34:00.000000000,0.57
553,182511131.0,UPD,EK,2.0,10-09-2023 14:20,Act,LHR,,DXB,,0.76
554,182521753.0,UPD,EK,2.0,11-09-2023 14:20,Act,LHR,11-09-2023 15:17,DXB,0 days 00:57:00.000000000,0.95
555,182531665.5,UPD,EK,2.0,12-09-2023 14:20,Act,LHR,,DXB,,0.6499999999999999
556,182541578.0,UPD,EK,2.0,13-09-2023 14:20,Act,LHR,13-09-2023 14:41,DXB,0 days 00:21:00.000000000,0.35
557,182552734.5,UPD,EK,2.0,14-09-2023 14:20,Act,LHR,,DXB,,0.3
558,182563891.0,UPD,EK,2.0,15-09-2023 14:20,Act,LHR,15-09-2023 14:35,DXB,0 days 00:15:00.000000000,0.25
559,182574014.5,UPD,EK,2.0,16-09-2023 14:20,Act,LHR,,DXB,,0.175
560,182584138.0,UPD,EK,2.0,17-09-2023 14:20,Act,LHR,17-09-2023 14:26,DXB,0 days 00:06:00.000000000,0.1
561,182595032.0,UPD,EK,2.0,18-09-2023 14:20,Act,LHR,,DXB,,0.1
562,182605926.0,UPD,EK,2.0,19-09-2023 14:20,Act,LHR,19-09-2023 14:26,DXB,0 days 00:06:00.000000000,0.1
563,182610884.5,UPD,EK,2.0,20-09-2023 14:20,Act,LHR,,DXB,,0.29500000000000004
564,182615843.0,UPD,EK,2.0,21-09-2023 14:20,Act,LHR,,DXB,,0.49
565,182620801.5,UPD,EK,2.0,22-09-2023 14:20,Act,LHR,,DXB,,0.6849999999999999
566,182625760.0,UPD,EK,2.0,23-09-2023 14:20,Act,LHR,23-09-2023 15:13,DXB,0 days 00:53:00.000000000,0.88
567,182637408.0,UPD,EK,2.0,24-09-2023 14:20,Act,LHR,,DXB,,0.865
568,182649056.0,UPD,EK,2.0,25-09-2023 14:20,Act,LHR,25-09-2023 15:11,DXB,0 days 00:51:00.000000000,0.85
569,182656893.5,UPD,EK,2.0,26-09-2023 14:20,Act,LHR,,DXB,,0.865
570,182664731.0,UPD,EK,2.0,27-09-2023 14:20,Act,LHR,27-09-2023 15:13,DXB,0 days 00:53:00.000000000,0.88
571,180707384.0,UPD,EK,2.0,28-09-2023 14:20,Act,LHR,28-09-2023 14:43,DXB,0 days 00:23:00.000000000,0.38
572,182868394.0,UPD,EK,2.0,29-09-2023 14:20,Act,LHR,29-09-2023 14:54,DXB,0 days 00:34:00.000000000,0.57
573,183002508.0,UPD,EK,2.0,30-09-2023 14:20,Act,LHR,30-09-2023 14:47,DXB,0 days 00:27:00.000000000,0.45
574,183095903.0,UPD,EK,2.0,01-10-2023 14:20,Act,LHR,01-10-2023 14:42,DXB,0 days 00:22:00.000000000,0.37
575,183214995.0,UPD,EK,2.0,02-10-2023 14:20,Act,LHR,02-10-2023 14:28,DXB,0 days 00:08:00.000000000,0.13
576,183316935.0,UPD,EK,2.0,03-10-2023 14:20,Act,LHR,03-10-2023 14:23,DXB,0 days 00:03:00.000000000,0.05
577,183426252.0,UPD,EK,2.0,04-10-2023 14:20,Act,LHR,04-10-2023 14:33,DXB,0 days 00:13:00.000000000,0.22
578,183534865.0,UPD,EK,2.0,05-10-2023 14:20,Act,LHR,05-10-2023 14:45,DXB,0 days 00:25:00.000000000,0.42
579,183655740.0,UPD,EK,2.0,06-10-2023 14:20,Act,LHR,06-10-2023 14:26,DXB,0 days 00:06:00.000000000,0.1
580,183766302.0,UPD,EK,2.0,07-10-2023 14:20,Act,LHR,07-10-2023 14:24,DXB,0 days 00:04:00.000000000,0.07
581,183880868.0,UPD,EK,2.0,08-10-2023 14:20,Act,LHR,08-10-2023 15:12,DXB,0 days 00:52:00.000000000,0.87
582,183987397.0,UPD,EK,2.0,09-10-2023 14:20,Act,LHR,09-10-2023 14:46,DXB,0 days 00:26:00.000000000,0.43
583,184105558.0,UPD,EK,2.0,10-10-2023 14:20,Act,LHR,10-10-2023 14:56,DXB,0 days 00:36:00.000000000,0.6
584,184210405.0,UPD,EK,2.0,11-10-2023 14:20,Act,LHR,11-10-2023 15:07,DXB,0 days 00:47:00.000000000,0.78
585,184319257.0,UPD,EK,2.0,12-10-2023 14:20,Act,LHR,12-10-2023 14:48,DXB,0 days 00:28:00.000000000,0.47
586,184439790.0,UPD,EK,2.0,13-10-2023 14:20,Act,LHR,13-10-2023 14:46,DXB,0 days 00:26:00.000000000,0.43
587,184544695.0,UPD,EK,2.0,14-10-2023 14:20,Act,LHR,14-10-2023 14:30,DXB,0 days 00:10:00.000000000,0.17
588,184643896.0,UPD,EK,2.0,15-10-2023 14:20,Act,LHR,15-10-2023 15:01,DXB,0 days 00:41:00.000000000,0.68
589,184762781.0,UPD,EK,2.0,16-10-2023 14:20,Act,LHR,16-10-2023 14:31,DXB,0 days 00:11:00.000000000,0.18
590,184869768.0,UPD,EK,2.0,17-10-2023 14:20,Act,LHR,17-10-2023 14:41,DXB,0 days 00:21:00.000000000,0.35
591,184983378.0,UPD,EK,2.0,18-10-2023 14:20,Act,LHR,18-10-2023 15:20,DXB,0 days 01:00:00.000000000,1.0
592,185087528.0,UPD,EK,2.0,19-10-2023 14:20,Act,LHR,19-10-2023 14:22,DXB,0 days 00:02:00.000000000,0.03
593,185216435.0,UPD,EK,2.0,20-10-2023 14:20,Act,LHR,20-10-2023 14:27,DXB,0 days 00:07:00.000000000,0.12
594,185323215.0,UPD,EK,2.0,21-10-2023 14:20,Act,LHR,21-10-2023 14:28,DXB,0 days 00:08:00.000000000,0.13
595,185423770.0,UPD,EK,2.0,22-10-2023 14:20,Act,LHR,22-10-2023 14:23,DXB,0 days 00:03:00.000000000,0.05
596,185519957.0,UPD,EK,2.0,23-10-2023 14:20,Act,LHR,23-10-2023 14:25,DXB,0 days 00:05:00.000000000,0.08
597,185611083.0,UPD,EK,2.0,24-10-2023 14:20,Act,LHR,24-10-2023 14:30,DXB,0 days 00:10:00.000000000,0.17
598,185721610.0,UPD,EK,2.0,25-10-2023 14:20,Act,LHR,25-10-2023 15:12,DXB,0 days 00:52:00.000000000,0.87
599,185829778.0,UPD,EK,2.0,26-10-2023 14:20,Act,LHR,26-10-2023 14:49,DXB,0 days 00:29:00.000000000,0.48
600,185945440.0,UPD,EK,2.0,27-10-2023 14:20,Act,LHR,27-10-2023 14:53,DXB,0 days 00:33:00.000000000,0.55
601,186064069.0,UPD,EK,2.0,28-10-2023 14:20,Act,LHR,28-10-2023 14:46,DXB,0 days 00:26:00.000000000,0.43
602,177606922.0,UPD,UT,101.0,19-07-2023 06:45,Act,SGC,19-07-2023 06:56,TJM,0 days 00:11:00.000000000,0.18
603,177707402.0,UPD,UT,101.0,20-07-2023 06:45,Act,SGC,20-07-2023 07:11,TJM,0 days 00:26:00.000000000,0.43
604,177821934.0,UPD,UT,101.0,21-07-2023 06:45,Act,SGC,21-07-2023 06:54,TJM,0 days 00:09:00.000000000,0.15
605,177952447.0,UPD,UT,101.0,22-07-2023 06:45,Act,SGC,22-07-2023 07:23,TJM,0 days 00:38:00.000000000,0.63
606,178082918.0,UPD,UT,101.0,23-07-2023 06:45,Act,SGC,23-07-2023 06:48,TJM,0 days 00:03:00.000000000,0.05
607,178209393.0,UPD,UT,101.0,24-07-2023 06:45,Act,SGC,24-07-2023 06:50,TJM,0 days 00:05:00.000000000,0.08
608,178359403.0,UPD,UT,101.0,25-07-2023 06:45,Act,SGC,25-07-2023 06:45,TJM,0 days 00:00:00.000000000,0.0
609,178485980.0,UPD,UT,101.0,26-07-2023 06:45,Act,SGC,26-07-2023 06:52,TJM,0 days 00:07:00.000000000,0.12
610,178631257.0,UPD,UT,101.0,27-07-2023 06:45,Act,SGC,27-07-2023 06:48,TJM,0 days 00:03:00.000000000,0.05
611,178764432.0,UPD,UT,101.0,28-07-2023 06:45,Act,SGC,28-07-2023 06:46,TJM,0 days 00:01:00.000000000,0.02
612,178914921.0,UPD,UT,101.0,29-07-2023 06:45,Act,SGC,29-07-2023 07:06,TJM,0 days 00:21:00.000000000,0.35
613,179047669.0,UPD,UT,101.0,30-07-2023 06:45,Act,SGC,30-07-2023 06:51,TJM,0 days 00:06:00.000000000,0.1
614,179191158.0,UPD,UT,101.0,31-07-2023 06:45,Act,SGC,31-07-2023 06:54,TJM,0 days 00:09:00.000000000,0.15
615,179322054.0,UPD,UT,101.0,01-08-2023 06:45,Act,SGC,01-08-2023 06:48,TJM,0 days 00:03:00.000000000,0.05
616,179457230.0,UPD,UT,101.0,02-08-2023 06:45,Act,SGC,02-08-2023 07:16,TJM,0 days 00:31:00.000000000,0.52
617,179576984.0,UPD,UT,101.0,03-08-2023 06:45,Act,SGC,03-08-2023 06:48,TJM,0 days 00:03:00.000000000,0.05
618,179702408.0,UPD,UT,101.0,04-08-2023 06:45,Act,SGC,04-08-2023 06:49,TJM,0 days 00:04:00.000000000,0.07
619,179841845.0,UPD,UT,101.0,05-08-2023 06:45,Act,SGC,05-08-2023 06:51,TJM,0 days 00:06:00.000000000,0.1
620,179960338.0,UPD,UT,101.0,06-08-2023 06:45,Act,SGC,06-08-2023 07:55,TJM,0 days 01:10:00.000000000,1.17
621,180084185.0,UPD,UT,101.0,07-08-2023 06:45,Act,SGC,07-08-2023 06:47,TJM,0 days 00:02:00.000000000,0.03
622,180216291.0,UPD,UT,101.0,08-08-2023 06:45,Act,SGC,08-08-2023 06:50,TJM,0 days 00:05:00.000000000,0.08
623,180335435.0,UPD,UT,101.0,09-08-2023 06:45,Act,SGC,09-08-2023 06:45,TJM,0 days 00:00:00.000000000,0.0
624,180459193.0,UPD,UT,101.0,10-08-2023 06:45,Act,SGC,10-08-2023 06:48,TJM,0 days 00:03:00.000000000,0.05
625,180585547.0,UPD,UT,101.0,11-08-2023 06:45,Act,SGC,11-08-2023 06:45,TJM,0 days 00:00:00.000000000,0.0
626,180688545.0,UPD,UT,101.0,12-08-2023 06:45,Act,SGC,12-08-2023 06:45,TJM,0 days 00:00:00.000000000,0.0
627,180690945.8888889,UPD,UT,101.0,13-08-2023 06:45,Act,SGC,,TJM,,0.003333333333333333
628,180693346.7777778,UPD,UT,101.0,14-08-2023 06:45,Act,SGC,,TJM,,0.006666666666666666
629,180695747.66666666,UPD,UT,101.0,15-08-2023 06:45,Act,SGC,,TJM,,0.009999999999999998
630,180698148.55555555,UPD,UT,101.0,16-08-2023 06:45,Act,SGC,,TJM,,0.013333333333333332
631,180700549.44444445,UPD,UT,101.0,17-08-2023 06:45,Act,SGC,,TJM,,0.016666666666666666
632,180702950.33333334,UPD,UT,101.0,18-08-2023 06:45,Act,SGC,,TJM,,0.019999999999999997
633,180705351.2222222,UPD,UT,101.0,19-08-2023 06:45,Act,SGC,,TJM,,0.02333333333333333
634,180707752.1111111,UPD,UT,101.0,20-08-2023 06:45,Act,SGC,,TJM,,0.026666666666666665
635,180710153.0,UPD,UT,101.0,21-08-2023 06:45,Act,SGC,21-08-2023 06:47,TJM,0 days 00:02:00.000000000,0.03
636,180724327.5,UPD,UT,101.0,22-08-2023 06:45,Act,SGC,,TJM,,0.025
637,180738502.0,UPD,UT,101.0,23-08-2023 06:45,Act,SGC,23-08-2023 06:46,TJM,0 days 00:01:00.000000000,0.02
638,180753141.5,UPD,UT,101.0,24-08-2023 06:45,Act,SGC,,TJM,,0.05
639,180767781.0,UPD,UT,101.0,25-08-2023 06:45,Act,SGC,25-08-2023 06:50,TJM,0 days 00:05:00.000000000,0.08
640,180782044.5,UPD,UT,101.0,26-08-2023 06:45,Act,SGC,,TJM,,0.10500000000000001
641,180796308.0,UPD,UT,101.0,27-08-2023 06:45,Act,SGC,27-08-2023 06:53,TJM,0 days 00:08:00.000000000,0.13
642,180811056.0,UPD,UT,101.0,28-08-2023 06:45,Act,SGC,,TJM,,0.1
643,180825804.0,UPD,UT,101.0,29-08-2023 06:45,Act,SGC,29-08-2023 06:49,TJM,0 days 00:04:00.000000000,0.07
644,180839469.0,UPD,UT,101.0,30-08-2023 06:45,Act,SGC,,TJM,,0.5
645,180853134.0,UPD,UT,101.0,31-08-2023 06:45,Act,SGC,31-08-2023 07:41,TJM,0 days 00:56:00.000000000,0.93
646,180867928.0,UPD,UT,101.0,01-09-2023 06:45,Act,SGC,,TJM,,0.49000000000000005
647,180882722.0,UPD,UT,101.0,02-09-2023 06:45,Act,SGC,02-09-2023 06:48,TJM,0 days 00:03:00.000000000,0.05
648,180897957.5,UPD,UT,101.0,03-09-2023 06:45,Act,SGC,,TJM,,0.025
649,180913193.0,UPD,UT,101.0,04-09-2023 06:45,Act,SGC,04-09-2023 06:45,TJM,0 days 00:00:00.000000000,0.0
650,180926660.5,UPD,UT,101.0,05-09-2023 06:45,Act,SGC,,TJM,,0.05
651,180940128.0,UPD,UT,101.0,06-09-2023 06:45,Act,SGC,06-09-2023 06:51,TJM,0 days 00:06:00.000000000,0.1
652,180954678.0,UPD,UT,101.0,07-09-2023 06:45,Act,SGC,,TJM,,0.1
653,180969228.0,UPD,UT,101.0,08-09-2023 06:45,Act,SGC,08-09-2023 06:51,TJM,0 days 00:06:00.000000000,0.1
654,180981950.5,UPD,UT,101.0,09-09-2023 06:45,Act,SGC,,TJM,,0.07500000000000001
655,180994673.0,UPD,UT,101.0,10-09-2023 06:45,Act,SGC,10-09-2023 06:48,TJM,0 days 00:03:00.000000000,0.05
656,181009145.0,UPD,UT,101.0,11-09-2023 06:45,Act,SGC,,TJM,,0.025
657,181023617.0,UPD,UT,101.0,12-09-2023 06:45,Act,SGC,12-09-2023 06:45,TJM,0 days 00:00:00.000000000,0.0
658,181037348.5,UPD,UT,101.0,13-09-2023 06:45,Act,SGC,,TJM,,0.01
659,181051080.0,UPD,UT,101.0,14-09-2023 06:45,Act,SGC,14-09-2023 06:46,TJM,0 days 00:01:00.000000000,0.02
660,181066007.5,UPD,UT,101.0,15-09-2023 06:45,Act,SGC,,TJM,,0.02
661,181080935.0,UPD,UT,101.0,16-09-2023 06:45,Act,SGC,16-09-2023 06:46,TJM,0 days 00:01:00.000000000,0.02
662,181094864.5,UPD,UT,101.0,17-09-2023 06:45,Act,SGC,,TJM,,0.0475
663,181108794.0,UPD,UT,101.0,18-09-2023 06:45,Act,SGC,,TJM,,0.075
664,181122723.5,UPD,UT,101.0,19-09-2023 06:45,Act,SGC,,TJM,,0.10250000000000001
665,181136653.0,UPD,UT,101.0,20-09-2023 06:45,Act,SGC,20-09-2023 06:53,TJM,0 days 00:08:00.000000000,0.13
666,181145528.0,UPD,UT,101.0,21-09-2023 06:45,Act,SGC,,TJM,,0.11
667,181154403.0,UPD,UT,101.0,22-09-2023 06:45,Act,SGC,,TJM,,0.09
668,181163278.0,UPD,UT,101.0,23-09-2023 06:45,Act,SGC,,TJM,,0.07
669,181172153.0,UPD,UT,101.0,24-09-2023 06:45,Act,SGC,24-09-2023 06:48,TJM,0 days 00:03:00.000000000,0.05
670,177571566.0,UPD,UT,102.0,18-07-2023 21:30,Act,TJM,18-07-2023 21:49,SGC,0 days 00:19:00.000000000,0.32
671,177672156.0,UPD,UT,102.0,19-07-2023 21:30,Act,TJM,19-07-2023 21:46,SGC,0 days 00:16:00.000000000,0.27
672,177778300.0,UPD,UT,102.0,20-07-2023 21:30,Act,TJM,20-07-2023 21:30,SGC,0 days 00:00:00.000000000,0.0
673,177901995.0,UPD,UT,102.0,21-07-2023 21:30,Act,TJM,21-07-2023 21:34,SGC,0 days 00:04:00.000000000,0.07
674,178030004.0,UPD,UT,102.0,22-07-2023 21:30,Act,TJM,22-07-2023 21:30,SGC,0 days 00:00:00.000000000,0.0
675,178150088.0,UPD,UT,102.0,23-07-2023 21:30,Act,TJM,23-07-2023 21:30,SGC,0 days 00:00:00.000000000,0.0
676,178295223.0,UPD,UT,102.0,24-07-2023 21:30,Act,TJM,24-07-2023 21:31,SGC,0 days 00:01:00.000000000,0.02
677,178429193.0,UPD,UT,102.0,25-07-2023 21:30,Act,TJM,25-07-2023 21:34,SGC,0 days 00:04:00.000000000,0.07
678,178568007.0,UPD,UT,102.0,26-07-2023 21:30,Act,TJM,26-07-2023 21:32,SGC,0 days 00:02:00.000000000,0.03
679,178704208.0,UPD,UT,102.0,27-07-2023 21:30,Act,TJM,27-07-2023 21:30,SGC,0 days 00:00:00.000000000,0.0
680,178849271.0,UPD,UT,102.0,28-07-2023 21:30,Act,TJM,28-07-2023 21:39,SGC,0 days 00:09:00.000000000,0.15
681,178998137.0,UPD,UT,102.0,29-07-2023 21:30,Act,TJM,29-07-2023 21:30,SGC,0 days 00:00:00.000000000,0.0
682,179125746.0,UPD,UT,102.0,30-07-2023 21:30,Act,TJM,30-07-2023 21:31,SGC,0 days 00:01:00.000000000,0.02
683,179276010.0,UPD,UT,102.0,31-07-2023 21:30,Act,TJM,31-07-2023 21:38,SGC,0 days 00:08:00.000000000,0.13
684,179408891.0,UPD,UT,102.0,01-08-2023 21:30,Act,TJM,01-08-2023 21:32,SGC,0 days 00:02:00.000000000,0.03
685,179521444.0,UPD,UT,102.0,02-08-2023 21:30,Act,TJM,02-08-2023 21:30,SGC,0 days 00:00:00.000000000,0.0
686,179663553.0,UPD,UT,102.0,03-08-2023 21:30,Act,TJM,03-08-2023 21:30,SGC,0 days 00:00:00.000000000,0.0
687,179794871.0,UPD,UT,102.0,04-08-2023 21:30,Act,TJM,04-08-2023 21:30,SGC,0 days 00:00:00.000000000,0.0
688,179916512.0,UPD,UT,102.0,05-08-2023 21:30,Act,TJM,05-08-2023 21:30,SGC,0 days 00:00:00.000000000,0.0
689,180023594.0,UPD,UT,102.0,06-08-2023 21:30,Act,TJM,06-08-2023 21:30,SGC,0 days 00:00:00.000000000,0.0
690,180156512.0,UPD,UT,102.0,07-08-2023 21:30,Act,TJM,07-08-2023 21:38,SGC,0 days 00:08:00.000000000,0.13
691,180280357.0,UPD,UT,102.0,08-08-2023 21:30,Act,TJM,08-08-2023 21:32,SGC,0 days 00:02:00.000000000,0.03
692,180417143.0,UPD,UT,102.0,09-08-2023 21:30,Act,TJM,09-08-2023 21:42,SGC,0 days 00:12:00.000000000,0.2
693,180540727.0,UPD,UT,102.0,10-08-2023 21:30,Act,TJM,10-08-2023 21:30,SGC,0 days 00:00:00.000000000,0.0
694,180662956.0,UPD,UT,102.0,11-08-2023 21:30,Act,TJM,11-08-2023 21:30,SGC,0 days 00:00:00.000000000,0.0
695,180668866.72727272,UPD,UT,102.0,12-08-2023 21:30,Act,TJM,,SGC,,0.002727272727272727
696,180674777.45454547,UPD,UT,102.0,13-08-2023 21:30,Act,TJM,,SGC,,0.005454545454545454
697,180680688.1818182,UPD,UT,102.0,14-08-2023 21:30,Act,TJM,,SGC,,0.00818181818181818
698,180686598.9090909,UPD,UT,102.0,15-08-2023 21:30,Act,TJM,,SGC,,0.010909090909090908
699,180692509.63636363,UPD,UT,102.0,16-08-2023 21:30,Act,TJM,,SGC,,0.013636363636363636
700,180698420.36363637,UPD,UT,102.0,17-08-2023 21:30,Act,TJM,,SGC,,0.01636363636363636
701,180704331.0909091,UPD,UT,102.0,18-08-2023 21:30,Act,TJM,,SGC,,0.01909090909090909
702,180710241.8181818,UPD,UT,102.0,19-08-2023 21:30,Act,TJM,,SGC,,0.021818181818181816
703,180716152.54545453,UPD,UT,102.0,20-08-2023 21:30,Act,TJM,,SGC,,0.024545454545454544
704,180722063.27272728,UPD,UT,102.0,21-08-2023 21:30,Act,TJM,,SGC,,0.02727272727272727
705,180727974.0,UPD,UT,102.0,22-08-2023 21:30,Act,TJM,22-08-2023 21:32,SGC,0 days 00:02:00.000000000,0.03
706,180742316.0,UPD,UT,102.0,23-08-2023 21:30,Act,TJM,,SGC,,0.025
707,180756658.0,UPD,UT,102.0,24-08-2023 21:30,Act,TJM,24-08-2023 21:31,SGC,0 days 00:01:00.000000000,0.02
708,180771427.5,UPD,UT,102.0,25-08-2023 21:30,Act,TJM,,SGC,,0.01
709,180786197.0,UPD,UT,102.0,26-08-2023 21:30,Act,TJM,26-08-2023 21:30,SGC,0 days 00:00:00.000000000,0.0
710,180800841.0,UPD,UT,102.0,27-08-2023 21:30,Act,TJM,,SGC,,0.04
711,180815485.0,UPD,UT,102.0,28-08-2023 21:30,Act,TJM,28-08-2023 21:35,SGC,0 days 00:05:00.000000000,0.08
712,180828860.0,UPD,UT,102.0,29-08-2023 21:30,Act,TJM,,SGC,,0.065
713,180842235.0,UPD,UT,102.0,30-08-2023 21:30,Act,TJM,30-08-2023 21:33,SGC,0 days 00:03:00.000000000,0.05
714,180858007.5,UPD,UT,102.0,31-08-2023 21:30,Act,TJM,,SGC,,0.060000000000000005
715,180873780.0,UPD,UT,102.0,01-09-2023 21:30,Act,TJM,01-09-2023 21:34,SGC,0 days 00:04:00.000000000,0.07
716,180888052.0,UPD,UT,102.0,02-09-2023 21:30,Act,TJM,,SGC,,0.07
717,180902324.0,UPD,UT,102.0,03-09-2023 21:30,Act,TJM,03-09-2023 21:34,SGC,0 days 00:04:00.000000000,0.07
718,180916562.5,UPD,UT,102.0,04-09-2023 21:30,Act,TJM,,SGC,,0.035
719,180930801.0,UPD,UT,102.0,05-09-2023 21:30,Act,TJM,05-09-2023 21:30,SGC,0 days 00:00:00.000000000,0.0
720,180944527.5,UPD,UT,102.0,06-09-2023 21:30,Act,TJM,,SGC,,0.01
721,180958254.0,UPD,UT,102.0,07-09-2023 21:30,Act,TJM,07-09-2023 21:31,SGC,0 days 00:01:00.000000000,0.02
722,180972797.0,UPD,UT,102.0,08-09-2023 21:30,Act,TJM,,SGC,,0.01
723,180987340.0,UPD,UT,102.0,09-09-2023 21:30,Act,TJM,09-09-2023 21:30,SGC,0 days 00:00:00.000000000,0.0
724,181000657.0,UPD,UT,102.0,10-09-2023 21:30,Act,TJM,,SGC,,0.015
725,181013974.0,UPD,UT,102.0,11-09-2023 21:30,Act,TJM,11-09-2023 21:32,SGC,0 days 00:02:00.000000000,0.03
726,181027931.5,UPD,UT,102.0,12-09-2023 21:30,Act,TJM,,SGC,,0.015
727,181041889.0,UPD,UT,102.0,13-09-2023 21:30,Act,TJM,13-09-2023 21:30,SGC,0 days 00:00:00.000000000,0.0
728,181056821.0,UPD,UT,102.0,14-09-2023 21:30,Act,TJM,,SGC,,0.01
729,181071753.0,UPD,UT,102.0,15-09-2023 21:30,Act,TJM,15-09-2023 21:31,SGC,0 days 00:01:00.000000000,0.02
730,181085057.0,UPD,UT,102.0,16-09-2023 21:30,Act,TJM,,SGC,,0.02
731,181098361.0,UPD,UT,102.0,17-09-2023 21:30,Act,TJM,17-09-2023 21:31,SGC,0 days 00:01:00.000000000,0.02
732,181112423.5,UPD,UT,102.0,18-09-2023 21:30,Act,TJM,,SGC,,0.035
733,181126486.0,UPD,UT,102.0,19-09-2023 21:30,Act,TJM,19-09-2023 21:33,SGC,0 days 00:03:00.000000000,0.05
734,181136099.5,UPD,UT,102.0,20-09-2023 21:30,Act,TJM,,SGC,,0.037500000000000006
735,181145713.0,UPD,UT,102.0,21-09-2023 21:30,Act,TJM,,SGC,,0.025
736,181155326.5,UPD,UT,102.0,22-09-2023 21:30,Act,TJM,,SGC,,0.012499999999999997
737,181164940.0,UPD,UT,102.0,23-09-2023 21:30,Act,TJM,23-09-2023 21:30,SGC,0 days 00:00:00.000000000,0.0
738,181175330.0,UPD,UT,102.0,24-09-2023 21:30,Act,TJM,,SGC,,0.0
739,181185720.0,UPD,UT,102.0,25-09-2023 21:30,Act,TJM,25-09-2023 21:30,SGC,0 days 00:00:00.000000000,0.0
740,177597128.0,UPD,3K,201.0,19-07-2023 07:50,Act,SIN,19-07-2023 08:13,CGK,0 days 00:23:00.000000000,0.38
741,177709290.0,UPD,3K,201.0,20-07-2023 07:50,Act,SIN,20-07-2023 07:55,CGK,0 days 00:05:00.000000000,0.08
742,177805237.0,UPD,3K,201.0,21-07-2023 07:50,Act,SIN,21-07-2023 07:54,CGK,0 days 00:04:00.000000000,0.07
743,177939266.33333334,UPD,3K,201.0,22-07-2023 07:50,Act,SIN,,CGK,,0.046666666666666676
744,178073295.66666666,UPD,3K,201.0,23-07-2023 07:50,Act,SIN,,CGK,,0.023333333333333338
745,178207325.0,UPD,3K,201.0,24-07-2023 07:50,Act,SIN,24-07-2023 07:50,CGK,0 days 00:00:00.000000000,0.0
746,178352254.0,UPD,3K,201.0,25-07-2023 07:50,Act,SIN,25-07-2023 08:15,CGK,0 days 00:25:00.000000000,0.42
747,178494183.0,UPD,3K,201.0,26-07-2023 07:50,Act,SIN,26-07-2023 11:21,CGK,0 days 03:31:00.000000000,3.52
748,178612866.0,UPD,3K,201.0,27-07-2023 07:50,Act,SIN,27-07-2023 07:53,CGK,0 days 00:03:00.000000000,0.05
749,178754620.0,UPD,3K,201.0,28-07-2023 07:50,Act,SIN,,CGK,,0.060000000000000005
750,178896374.0,UPD,3K,201.0,29-07-2023 07:50,Act,SIN,29-07-2023 07:54,CGK,0 days 00:04:00.000000000,0.07
751,179040828.0,UPD,3K,201.0,30-07-2023 07:50,Act,SIN,30-07-2023 07:52,CGK,0 days 00:02:00.000000000,0.03
752,179185446.0,UPD,3K,201.0,31-07-2023 07:50,Act,SIN,,CGK,,1.025
753,179330064.0,UPD,3K,201.0,01-08-2023 07:50,Act,SIN,01-08-2023 09:51,CGK,0 days 02:01:00.000000000,2.02
754,179439681.0,UPD,3K,201.0,02-08-2023 07:50,Act,SIN,02-08-2023 07:53,CGK,0 days 00:03:00.000000000,0.05
755,179604705.0,UPD,3K,201.0,03-08-2023 07:50,Act,SIN,03-08-2023 07:52,CGK,0 days 00:02:00.000000000,0.03
756,179700930.0,UPD,3K,201.0,04-08-2023 07:50,Act,SIN,04-08-2023 07:53,CGK,0 days 00:03:00.000000000,0.05
757,179756991.0,UPD,3K,201.0,05-08-2023 07:50,Act,SIN,05-08-2023 07:50,CGK,0 days 00:00:00.000000000,0.0
758,179944173.0,UPD,3K,201.0,06-08-2023 07:50,Act,SIN,06-08-2023 07:57,CGK,0 days 00:07:00.000000000,0.12
759,180076610.0,UPD,3K,201.0,07-08-2023 07:50,Act,SIN,07-08-2023 07:59,CGK,0 days 00:09:00.000000000,0.15
760,180204728.0,UPD,3K,201.0,08-08-2023 07:50,Act,SIN,08-08-2023 07:51,CGK,0 days 00:01:00.000000000,0.02
761,180328428.0,UPD,3K,201.0,09-08-2023 07:50,Act,SIN,,CGK,,0.025
762,180452128.0,UPD,3K,201.0,10-08-2023 07:50,Act,SIN,10-08-2023 07:52,CGK,0 days 00:02:00.000000000,0.03
763,180621116.0,UPD,3K,201.0,11-08-2023 07:50,Act,SIN,11-08-2023 15:54,CGK,0 days 08:04:00.000000000,8.07
764,180633061.0,UPD,3K,201.0,12-08-2023 07:50,Act,SIN,12-08-2023 09:35,CGK,0 days 01:45:00.000000000,1.75
765,180735765.11764705,UPD,3K,201.0,13-08-2023 07:50,Act,SIN,,CGK,,1.6776470588235295
766,180838469.2352941,UPD,3K,201.0,14-08-2023 07:50,Act,SIN,,CGK,,1.6052941176470588
767,180941173.3529412,UPD,3K,201.0,15-08-2023 07:50,Act,SIN,,CGK,,1.5329411764705883
768,181043877.47058824,UPD,3K,201.0,16-08-2023 07:50,Act,SIN,,CGK,,1.4605882352941175
769,181146581.5882353,UPD,3K,201.0,17-08-2023 07:50,Act,SIN,,CGK,,1.388235294117647
770,181249285.70588234,UPD,3K,201.0,18-08-2023 07:50,Act,SIN,,CGK,,1.3158823529411765
771,181351989.82352942,UPD,3K,201.0,19-08-2023 07:50,Act,SIN,,CGK,,1.243529411764706
772,181454693.94117647,UPD,3K,201.0,20-08-2023 07:50,Act,SIN,,CGK,,1.1711764705882353
773,181557398.05882353,UPD,3K,201.0,21-08-2023 07:50,Act,SIN,,CGK,,1.0988235294117645
774,181660102.17647058,UPD,3K,201.0,22-08-2023 07:50,Act,SIN,,CGK,,1.026470588235294
775,181762806.29411766,UPD,3K,201.0,23-08-2023 07:50,Act,SIN,,CGK,,0.9541176470588235
776,181865510.4117647,UPD,3K,201.0,24-08-2023 07:50,Act,SIN,,CGK,,0.8817647058823529
777,181968214.52941176,UPD,3K,201.0,25-08-2023 07:50,Act,SIN,,CGK,,0.8094117647058823
778,182070918.6470588,UPD,3K,201.0,26-08-2023 07:50,Act,SIN,,CGK,,0.7370588235294118
779,182173622.7647059,UPD,3K,201.0,27-08-2023 07:50,Act,SIN,,CGK,,0.664705882352941
780,182276326.88235295,UPD,3K,201.0,28-08-2023 07:50,Act,SIN,,CGK,,0.5923529411764705
781,182379031.0,UPD,3K,201.0,29-08-2023 07:50,Act,SIN,29-08-2023 08:21,CGK,0 days 00:31:00.000000000,0.52
782,182389579.5,UPD,3K,201.0,30-08-2023 07:50,Act,SIN,,CGK,,0.30000000000000004
783,182400128.0,UPD,3K,201.0,31-08-2023 07:50,Act,SIN,31-08-2023 07:55,CGK,0 days 00:05:00.000000000,0.08
784,182410769.0,UPD,3K,201.0,01-09-2023 07:50,Act,SIN,,CGK,,0.125
785,182421410.0,UPD,3K,201.0,02-09-2023 07:50,Act,SIN,,CGK,,0.16999999999999998
786,182432051.0,UPD,3K,201.0,03-09-2023 07:50,Act,SIN,,CGK,,0.21499999999999997
787,182442692.0,UPD,3K,201.0,04-09-2023 07:50,Act,SIN,,CGK,,0.25999999999999995
788,182453333.0,UPD,3K,201.0,05-09-2023 07:50,Act,SIN,,CGK,,0.30499999999999994
789,182463974.0,UPD,3K,201.0,06-09-2023 07:50,Act,SIN,06-09-2023 08:11,CGK,0 days 00:21:00.000000000,0.35
790,182476120.0,UPD,3K,201.0,07-09-2023 07:50,Act,SIN,,CGK,,1.7149999999999999
791,182488266.0,UPD,3K,201.0,08-09-2023 07:50,Act,SIN,08-09-2023 10:55,CGK,0 days 03:05:00.000000000,3.08
792,182498608.83333334,UPD,3K,201.0,09-09-2023 07:50,Act,SIN,,CGK,,2.8316666666666666
793,182508951.66666666,UPD,3K,201.0,10-09-2023 07:50,Act,SIN,,CGK,,2.5833333333333335
794,182519294.5,UPD,3K,201.0,11-09-2023 07:50,Act,SIN,,CGK,,2.335
795,182529637.33333334,UPD,3K,201.0,12-09-2023 07:50,Act,SIN,,CGK,,2.086666666666667
796,182539980.16666666,UPD,3K,201.0,13-09-2023 07:50,Act,SIN,,CGK,,1.8383333333333334
797,182550323.0,UPD,3K,201.0,14-09-2023 07:50,Act,SIN,,CGK,,1.59
798,182560665.83333334,UPD,3K,201.0,15-09-2023 07:50,Act,SIN,,CGK,,1.3416666666666668
799,182571008.66666666,UPD,3K,201.0,16-09-2023 07:50,Act,SIN,,CGK,,1.0933333333333335
800,182581351.5,UPD,3K,201.0,17-09-2023 07:50,Act,SIN,,CGK,,0.8450000000000002
801,182591694.33333334,UPD,3K,201.0,18-09-2023 07:50,Act,SIN,,CGK,,0.5966666666666667
802,182602037.16666666,UPD,3K,201.0,19-09-2023 07:50,Act,SIN,,CGK,,0.3483333333333336
803,182612380.0,UPD,3K,201.0,20-09-2023 07:50,Act,SIN,20-09-2023 07:56,CGK,0 days 00:06:00.000000000,0.1
804,182634644.0,UPD,3K,201.0,21-09-2023 07:50,Act,SIN,,CGK,,0.10333333333333333
805,182656908.0,UPD,3K,201.0,22-09-2023 07:50,Act,SIN,,CGK,,0.10666666666666667
806,182679172.0,UPD,3K,201.0,23-09-2023 07:50,Act,SIN,,CGK,,0.11
807,182701436.0,UPD,3K,201.0,24-09-2023 07:50,Act,SIN,,CGK,,0.11333333333333334
808,182723700.0,UPD,3K,201.0,25-09-2023 07:50,Act,SIN,,CGK,,0.11666666666666667
809,182745964.0,UPD,3K,201.0,26-09-2023 07:50,Act,SIN,,CGK,,0.12
810,182768228.0,UPD,3K,201.0,27-09-2023 07:50,Act,SIN,,CGK,,0.12333333333333334
811,182790492.0,UPD,3K,201.0,28-09-2023 07:50,Act,SIN,,CGK,,0.12666666666666668
812,182812756.0,UPD,3K,201.0,29-09-2023 07:50,Act,SIN,29-09-2023 07:58,CGK,0 days 00:08:00.000000000,0.13
813,182942809.0,UPD,3K,201.0,30-09-2023 07:50,Act,SIN,30-09-2023 08:02,CGK,0 days 00:12:00.000000000,0.2
814,183051395.5,UPD,3K,201.0,01-10-2023 07:50,Act,SIN,,CGK,,0.185
815,183159982.0,UPD,3K,201.0,02-10-2023 07:50,Act,SIN,02-10-2023 08:00,CGK,0 days 00:10:00.000000000,0.17
816,183262529.0,UPD,3K,201.0,03-10-2023 07:50,Act,SIN,03-10-2023 08:00,CGK,0 days 00:10:00.000000000,0.17
817,183379618.5,UPD,3K,201.0,04-10-2023 07:50,Act,SIN,,CGK,,1.2774999999999999
818,183496708.0,UPD,3K,201.0,05-10-2023 07:50,Act,SIN,,CGK,,2.385
819,183613797.5,UPD,3K,201.0,06-10-2023 07:50,Act,SIN,,CGK,,3.4924999999999997
820,183730887.0,UPD,3K,201.0,07-10-2023 07:50,Act,SIN,07-10-2023 12:26,CGK,0 days 04:36:00.000000000,4.6
821,183819156.0,UPD,3K,201.0,08-10-2023 07:50,Act,SIN,08-10-2023 07:52,CGK,0 days 00:02:00.000000000,0.03
822,183928322.33333334,UPD,3K,201.0,09-10-2023 07:50,Act,SIN,,CGK,,0.043333333333333335
823,184037488.66666666,UPD,3K,201.0,10-10-2023 07:50,Act,SIN,,CGK,,0.05666666666666667
824,184146655.0,UPD,3K,201.0,11-10-2023 07:50,Act,SIN,11-10-2023 07:54,CGK,0 days 00:04:00.000000000,0.07
825,184253753.0,UPD,3K,201.0,12-10-2023 07:50,Act,SIN,12-10-2023 07:56,CGK,0 days 00:06:00.000000000,0.1
826,184373692.0,UPD,3K,201.0,13-10-2023 07:50,Act,SIN,13-10-2023 07:51,CGK,0 days 00:01:00.000000000,0.02
827,184482197.0,UPD,3K,201.0,14-10-2023 07:50,Act,SIN,,CGK,,0.02
828,184590702.0,UPD,3K,201.0,15-10-2023 07:50,Act,SIN,,CGK,,0.02
829,184699207.0,UPD,3K,201.0,16-10-2023 07:50,Act,SIN,16-10-2023 07:51,CGK,0 days 00:01:00.000000000,0.02
830,184810953.0,UPD,3K,201.0,17-10-2023 07:50,Act,SIN,17-10-2023 07:51,CGK,0 days 00:01:00.000000000,0.02
831,184920844.0,UPD,3K,201.0,18-10-2023 07:50,Act,SIN,18-10-2023 07:54,CGK,0 days 00:04:00.000000000,0.07
832,185062094.0,UPD,3K,201.0,19-10-2023 07:50,Act,SIN,19-10-2023 07:54,CGK,0 days 00:04:00.000000000,0.07
833,185165371.5,UPD,3K,201.0,20-10-2023 07:50,Act,SIN,,CGK,,0.05
834,185268649.0,UPD,3K,201.0,21-10-2023 07:50,Act,SIN,21-10-2023 07:52,CGK,0 days 00:02:00.000000000,0.03
835,185367844.5,UPD,3K,201.0,22-10-2023 07:50,Act,SIN,,CGK,,0.075
836,185467040.0,UPD,3K,201.0,23-10-2023 07:50,Act,SIN,23-10-2023 07:57,CGK,0 days 00:07:00.000000000,0.12
837,185561393.0,UPD,3K,201.0,24-10-2023 07:50,Act,SIN,,CGK,,0.1
838,185655746.0,UPD,3K,201.0,25-10-2023 07:50,Act,SIN,25-10-2023 07:55,CGK,0 days 00:05:00.000000000,0.08
839,185770875.66666666,UPD,3K,201.0,26-10-2023 07:50,Act,SIN,,CGK,,0.11
840,185886005.33333334,UPD,3K,201.0,27-10-2023 07:50,Act,SIN,,CGK,,0.14
841,186001135.0,UPD,3K,201.0,28-10-2023 07:50,Act,SIN,28-10-2023 08:00,CGK,0 days 00:10:00.000000000,0.17
842,186001135.0,,,,,,,,,,0.17
843,186001135.0,,,,,,,,,,0.17
844,186001135.0,,,,,,,,,,0.17
845,186001135.0,,,,,,,,,,0.17
846,186001135.0,,,,,,,,,,0.17
847,186001135.0,,,,,,,,,,0.17
848,186001135.0,,,,,,,,,,0.17
849,186001135.0,,,,,,,,,,0.17
